Date,Time,T,Per,Dec,Point,W,Cloud,1260,4220,5300,5000,2930,4470,3270,4600,5940,4580,2650,4130,6330,4590,4810,6340,370,4270,80,4710,5040,5430,1020,5970,6200,2610,5540,3410,4890,3900,5770,4760,4240,3810,4790,2660,2725,3450,2910,4980,5200,690,400,5070,4650,6610,1440,2150,2290,180,840,6550,3500,4880,2820,6360,3490,4430,6570,2190,420,4550,3380,4540,4040,740,3040,5910,5690,5710,4970,4440,4370,2810,4990,5590,3300,2740,6370
3/8/2021,6:50,0.04,m,1,h1,0,0,,4,,,,,,,,,,1,,1,,,,2,,,,,,6,,,,,,,,,,,,,,,,,,,,,,,,,,,,1,,1,,,,,,,,,,,,,,,,,,,,,,2,,,
3/8/2021,7:20,0.08,m,1,h2,0,0,,,,,,,,,,,,2,,,1,,,,,,,,,,,,,,,,,2,,,,,,,,,,,,,,,,,,,1,1,,,,,,,,,,,,,,,,1,,,,,,,,1,,,
3/8/2021,7:37,0.1,m,1,h3,0,0,,,,3,,,,,,,,1,,,,,,,,,,,,,,,,,,,,1,,,,,,,,,,,,,,,,,,,,1,,2,,,,,,,,,,,,,,2,,,,,,,,1,,,
3/8/2021,8:10,0.15,m,1,h4,0,0,,,,1,,,,,,,,2,,,,,,,,,,,,,,,,,,,,,,,,,,,,,,,,,,,,,,,1,2,,,,,,,,,,,1,,,,,,,,,,,,,,,,
3/9/2021,6:35,0.02,m,1,w1,0,0,,,,2,,,,,,,,,,,,,,,,1,,,,,,,,,,,,,,,,,,,,,,,,,,,,,,,,2,,,,,,,,,,,,,,,,,,,,,2,,,,,,
3/9/2021,6:50,0.04,m,1,w2,0,0,,,,,,,,,,,,,,,1,,,,,2,,,,,,,,,,,,,,,,,,,,,,,,,,,,,,,,1,,,,,,,,,,,,,,,,,,,,,,,,,,,
3/9/2021,7:00,0.05,m,1,w3,0,0,,,,1,,,,,,,,,,,,,,,,,,,,,,,,,,,,,,,,,,,,,,,,,,,,,,1,,1,,,,,,,,,,,,,,,,2,,1,,,,,,,,,
3/9/2021,7:20,0.08,m,1,w4,0,0,,1,,1,,,,,,,,1,,,1,,,,,2,,,,,,,,,,,,,,,,,,,,,,,,,,,,,,,1,1,,,,,,,,,,,,1,,,,,,,,,,,,6,1,,
3/9/2021,7:45,0.12,m,1,w5,0,0,,,,7,,,,,,,,1,,,,,,,,,,,,,,,,1,,,,3,,,,,,,,,,,,,,,,,,,1,3,,1,,,,,,,,,1,1,,,,,,,,,,,,2,,,
3/9/2021,8:05,0.14,m,1,w6,0,0,,,,1,,,,,,,,1,,,,,,,1,,,,,1,,,,,,,,1,,,,,,,,,1,,1,,,,,,,1,,1,,,,,,,,,,,,,,,,1,,,,,,,,,,,
3/10/2021,10:15,0.33,n,1,h1,0,0,,1,,,,,,,,1,,,,,1,,,1,,,,,,3,,,,,,,,,,,,,,,,,,,,,,,,,,,1,,,,,2,,,,,,,,,,,,,,,,,,,,1,,,
3/10/2021,10:00,0.31,n,1,h2,0,0,,,,3,,,,,,1,,1,,,1,,,,,2,,,,,,,,,,,,1,,,,,,,,,1,,,,,,,,,,,,,,,,,,,,,,,,,,,,1,,,,,,,3,1,,
3/10/2021,9:40,0.28,n,1,h3,0,0,,1,,4,,,,,,,,,,,,,,1,1,,,,,,,,,,,,,,,,,,,,,,,,,,,,,,,,,2,,,,,,,,,,,,,,,,1,1,,,,,,,,,,
3/10/2021,9:20,0.25,n,1,h4,0,0,,,,1,,,,,,1,,1,,,,,,,,,,,,,,,,,,,,3,,,,,,,,,,,,,,,,,,,1,3,,1,,,,,,,,,,,,,,,,,,,,,,,1,,
3/11/2021,9:15,0.25,n,2,w6,0,0.1,,,,3,,,,,,,,,,,,,,,,,,,,,,,,,,,,4,,,,,,,,,1,,,,,,,,,,1,1,,1,,,,,,,,,,,,,,1,,,,,,,,,,,
3/11/2021,9:25,0.26,n,2,w5,0,0.1,,1,,3,,,,,,,,2,,,,,,,,,,,,,,,,,,,,,,,,,,,,,,,,,,,,,,,1,3,,,,,,,,,,,,,,,,,,,,,,,,3,,,
3/11/2021,9:40,0.28,n,2,w4,0,0.1,,1,,2,,,,,,,,,,,,,,,,,,,,,,,,,,,,,,,,,,,,,,,,,,,,,,,,1,,,,,,,,,,,,,,,,,,,,,,,,3,,,
3/11/2021,9:55,0.3,n,2,w3,0,0.1,,,1,,,,,,,,,1,,,,,,,,2,,,,,,,,,1,,,1,,,,,,,,,,,,,,,,,,,1,,,,,,,,,,,,,,,,,,,,,,,,,,,,
3/11/2021,10:05,0.32,n,2,w2,0,0.1,,,,,,,,,,,,,,,,,,,,,,,,1,,,,,,,,,,,,,,,,,,,,,,,,,,,,,,,,,,,,,,,,,,,,,,,,,,,,,,,
3/11/2021,10:15,0.33,n,2,w1,0,0.1,,,,1,,,,,,,,1,,,,,,,,1,,,,,,,,,,,,,,,,,,,,,,,,,,,,,,,,,1,,,1,,,,,,,,,,,,1,,,,,,,,,,,
3/12/2021,13:40,0.62,a,2,w3,0,0.6,,,,3,,,,,,,,1,,,,,,,,,,,,,,,,,,,,4,,,,,,,,,,,,,,,,,,,,1,,,,1,,,,,,,,,,,,,,,,,,,,,,,
3/12/2021,13:50,0.63,a,2,w2,0,0.6,,,,,,,,,,,,,,,,,,,,,,,,,,,,,,,,,,,,,,,,,,,,,,,,,,,,,,,,,,,,,,,,,,,,,,,,,,1,,,,,
3/12/2021,14:00,0.65,a,2,w1,0,0.6,,,,,,,,,,,,,,,,,,1,,1,,,,,,,,,,,,,,,,,,,,,,,,,,,,,,,,,,,,,,,,,,,,,,,,,,,,,,,,,,,
3/12/2021,14:10,0.66,a,2,w4,0,0.6,,,1,5,,,,,,,,,,,,,,1,,,,,,,,,,,,,,,,,,,,,,,,,,,,,,,,,,1,,1,,,,,,,,,,,,,,,,,,,,,,1,,,
3/12/2021,14:30,0.69,a,2,w5,0,0.6,,1,,2,,,,,,,,,,,,,,,,1,,,,,,,,,,,,3,,,,,,,,,,,,,,,,,,,1,1,,,,,,,,,,,,,,,,,,,,,,,,,,,
3/12/2021,14:40,0.7,a,2,w6,0,0.6,,,,2,,,,,,,,,,,,,,,,,,,,,,,,,,,,1,,,,,,,,,,,,,,,,1,,,,1,,2,,,,,,,,,,,,,,,,,,,,,,1,,,
3/13/2021,13:20,0.59,a,2,h4,0,0.95,,,,,,,,,,,,,,,,,,1,,,,,,,,,,,,,,,,,,,,,,,,,,,,,,,,,,1,,,,,,,,,,,,,,,,,,,,,,,,,,,
3/13/2021,13:35,0.61,a,2,h3,0,0.95,,,,1,,,,,,,,,,,,,,,1,,,,,,,,,,,,,,1,,,,,,,,,,,2,,,,,,,,,,1,,,,,,1,,,,,,,,,,,,,,,,,,,
3/13/2021,13:50,0.63,a,2,h2,0,0.95,,1,,,,,,,,,,,,,,,,,,,,,,,,,,,,,,,,,,,,,,,1,,,,,,,,,,1,,,,,,,,,,,,,,,,,,,,,,,,,1,,,
3/13/2021,14:05,0.66,a,2,h1,0,0.95,,,,,,,,,,,,,,,1,,,2,,,,,,,,,,,,,2,,,,,,,,,,,,,,,,,,,,1,,,,,,,,,,,,,1,,,,,,,,,,,,2,,,
3/13/2021,16:45,0.88,e,2,w6,0,0.9,,,,1,,,,,,,,1,,,1,,,,1,,,,,2,,,,,,,,1,,,,,,,,,1,,1,,,,,,,,,2,,,,,,,,,,,,,,,,1,,,,,,,,,,,
3/13/2021,16:55,0.89,e,2,w5,0,0.9,,1,,2,,,,,,,,,,,,,,1,,,,,,,,,,,,,,2,,,,,,,,,,,,,,,,,,,1,1,,,,,,,,,,,,,,,,,,,,,,,,,,,
3/13/2021,17:10,0.92,e,2,w4,0,0.9,,,,4,,,,,,,,,,,,,,1,,1,,,,,,,,,,,,,,,,,,,,,,,,,,,,,,,,,,1,,,,,,,,,,,,,,,,,,,,,,2,,,
3/13/2021,17:20,0.93,e,2,w2,0,0.9,,,,,,,,,,,,,,,,,,,,1,,,,,,,,,,,,,,,,,,,,,,,,,,,,,,,,,,,,,,,,,,,,,,,,,,,,,,,,,,,
3/13/2021,17:30,0.94,e,2,w3,0,0.9,,,,1,,,,,,,,,,,,,,,,,,,,,,,,,,,,,,,,,,,,,,,,,,,,,,,1,2,,,,1,,,,,,,,,,,,1,,,,,,,,,,,
3/13/2021,17:40,0.96,e,2,w1,0,0.9,,,,3,,,,,,,,,,,,,,,,,,,,,,,,,,,,,,,,,,,,,,,,,,,,,,,,1,,,,,,,,,,,,,,,,,,,,,,,,,,,
3/15/2021,7:20,0.01,m,2,w6,0,0.05,,1,,3,,,,,,,,,,,,,,1,1,,,,,1,,,,,,,,1,,,,,,,,,1,,1,,,,,,,,,1,,,,,,,,,,,,,,,,1,,,,,,,,,,,
3/15/2021,7:30,0.02,m,2,w5,0,0.05,,,,4,,,,,,,,1,,,,,,,,1,,,,,,,,,,,,3,,,,,,,,,,,,,,,,,,,,2,,,,,,,,,,,,,,,,,1,,,,,,,,1,,
3/15/2021,7:40,0.03,m,2,w4,0,0.05,,,,2,,,,,,,,,,,,,,,,,,,,,,,,,,,,,,,,,,,,,,,,,,,,,,,,,,2,,,,,,,,,,,,,,,,,,,,,,3,,,
3/15/2021,7:55,0.06,m,2,w2,0,0.05,,,,,,,,,,,,,,,,,,,,1,,,,,,,,,,,,,,,,,,,,,,,,,,,,,,,,,,,,,,,,,,,,,,,,,,,,,,,,,,,
3/15/2021,8:00,0.06,m,2,w3,0,0.05,,,,2,,,,,,1,,1,,,,,,,,,,,,,,,,,,,,,,,,,,,,,,,1,,,,,,,1,,,,,,,,,,,,,,,,,,1,,,,,,,,,,,
3/15/2021,8:10,0.08,m,2,w1,0,0.05,,1,,2,,,,,,,,1,,,,,,1,,2,,,,,,,,,,,,,,,,,,,,,,,,,,,,,,,,1,,,,,,,,,,,,,,,,,,,,,,,,,,,
3/15/2021,17:00,0.82,e,2,h1,0,0.6,,,,,,,,,,,,,,,1,,,2,,,,,,,,,,,,,,,,,,,,,,,,,,,,,,,,,1,,,,,,,,,,,,,1,,,,,,,,,,,,1,,,
3/15/2021,17:15,0.84,e,2,h2,0,0.7,,1,,2,,,,,,,,,,,,,,1,,,5,,,,,,,,,,,,,,,,,,,,,,,,,,,,,,1,,,,,,,,,,,,,,,,,,,,,,,,,,,,
3/15/2021,17:30,0.86,e,2,h3,0,0.8,,,,,,,,,,,,,,,,,,,,,,,,,,,,,,,,,1,,,,,,,,,,,,,,,,,1,,3,,,,,,,,1,,,,,,,,,1,,,,,1,,,,,
3/15/2021,18:00,0.9,e,2,h4,0,0.9,,,,,,,,,,,,1,,,,,,,,,,,,,,,,,,,1,,,,,,,,,,,,,1,,,,,,,,1,,,,,,,,,,,,,,,,,,,,,,,,,1,,
3/16/2021,13:40,0.54,a,2,w4,3,1,,1,,2,,,,,,,,1,,,,,,,,,,,,,,,,,,,,,,,,,,,1,,,,,,,,,,,,,1,,,,,,,,,,,,,,,,,,,,,,,,,,,
3/16/2021,13:50,0.55,a,2,w1,3,1,,,,1,,,,,,,,,,,,,,1,,1,,,,,,,,,,,,,,,,,,1,,,,,,,,,,,,,,2,,,,,,,,,,,,,,,,,,,,,,,,,,,
3/16/2021,13:55,0.56,a,2,w2,3,1,,1,,2,,,,,,,,,,,,,,,,,,,,,,,,,,,,,,,,,,,,,,,,,,,,,,,,,,,,,,,,,,,,,,,,,,,,,,,,,,,
3/16/2021,14:00,0.56,a,2,w3,3,1,,,,2,,,,,,,,,,,,,,,,,,,,,,,,,,,,,,,,,,,,,,,,,,,,,,,1,1,,,,,,,,,,,,,,,,1,,1,,,,,,,,,
3/16/2021,14:20,0.59,a,2,w5,3,1,,1,,2,,,,,,,,1,,,,,,,,,,,,,,,,,,,,,,,,,,,,1,,,,,,,,,,,,1,,,,,,,,,,,,,,,,,,,,,,,,2,,,
3/16/2021,14:30,0.61,a,2,w6,3,1,,1,,1,,,,,,,,1,,,,,,,1,,,,,1,,,,,,,,1,,,,,,,,,,,1,,,,,,,,1,,,,,,,,,,,,,,,,,,,,,,,,,,,,
3/17/2021,13:20,0.51,a,2,h1,4,1,,,,,,,,,,1,,,,,,,,2,,,,,,,,,,,,,1,,,,,,,,,,,,,,,,,,,1,1,,,,1,1,,,,,,,1,,,,,,1,,,,,,,2,,,
3/17/2021,13:30,0.52,a,2,h2,4,1,,1,,1,,,,,,,,,,,,,,,,,11,,,,,,,,,,,,,,,,,,,,1,,,,,,,,,,,,,,,,,,,,,,,,,,,,,,,,,,,,,,
3/17/2021,13:50,0.55,a,2,h3,4,1,,1,,,,,,,,,,,,,,,1,,,,,,,,,,,,,,,,,,,,,,,,,,,2,,,,,,1,,1,,,,,,,,,,,,,,,,,,,,,,,,,,,
3/17/2021,14:05,0.57,a,2,h4,4,1,,,,,,,,,,,,,,,,,,2,,,,,,,,,,,,,,1,,,,,,,,,,,,,,,,,,,,3,,,,,,,,,,1,,,,,,,,,,,,,,,,,
3/18/2021,16:45,0.79,e,2,w6,5,1,,,,1,,,,,,,,,,,1,,,,1,,,,,,,,,,,,,2,,,,,,,,,,,,,,,,,,,1,2,,2,,,,,,,,,,,,,,1,,,,,,,,,,,
3/18/2021,16:55,0.81,e,2,w5,5,1,,1,,3,,,,,10,,,1,,,,,,1,,1,,,,,,,,,,,,8,,,,,,,,,,,,,,,,,,,1,1,,1,,,,,,,,,,,,,,1,,,,,,,,,,,
3/18/2021,17:10,0.83,e,2,w4,5,1,,1,,5,,,,,,,,,,,,,,,,,,,,,,,,,,,,1,,,,,,,,,,,,,,,,,,,,2,,1,,,,,,,,,,,,,,,,,,,,,,1,,,
3/18/2021,17:15,0.83,e,2,w1,5,1,,,,2,,,,,,,,,,,,,,1,,1,,,,,,,,,,,,,,,,,,,,,,,,,,,,,,,,,,,,1,,,,,,,,,,,,,,,,,,,,,,,
3/18/2021,17:25,0.85,e,2,w2,5,1,,,,1,,,,,,,,,,,1,,,,,,,,,,,,,,,,,1,,,,,,,,,1,,,,,,,,,,,,,,,,,,,,,,,,,,,,,,,,,,,,,,
3/18/2021,17:30,0.85,e,2,w3,5,1,,1,,,,,,,,,,,,,,,,,,,,,,,,,,,,,,,,,,,,,,,,,,,,,,,,,1,2,,,,,,,,,,,,,,,,1,,,,,,,,,,,
3/20/2021,16:25,0.76,e,2,h1,0,0.1,,,,,,,,,,,,,,,1,,,2,,,,,,,,,,,,,,,,,,,,,,,,,,,,,,,,,,,,,,,1,,,,,,,1,,,,,,,,,1,,,1,,,
3/20/2021,17:15,0.83,e,2,h2,0,0.1,,1,,,1,,,,,,,,,,,,,,,,,,,,,,,,,,,1,,,,,,,,,,,,,,,,,,,,1,,,,,,,,,,,,,,,,,,,,,,,,,,,
3/20/2021,17:25,0.85,e,2,h3,0,0.1,,1,,,,,,,,,1,,,,,,,,,,,,,,,,,,,,,,,,,,,,,,,,,,,,,,,,,,,,,,,,,,,,,,,,,,,,,,,,,,,,
3/20/2021,17:35,0.86,e,2,h4,0,0.1,,,,,,,,,,,,,,,,,,1,,,,,,,,,,,,,,1,,,,,,,,,,,,,,,,,,,,1,,,,,,,,,,,,,,,,,,,,,,,,,,,
3/21/2021,7:50,0.06,m,3,h4,0,0,,1,,,,,,,,,,1,,,,,,,,,,,,,,,,,,,,4,,,,,,,,,,,,,,,,,,,,2,,,,1,,,,,,1,1,,,,,,,,,,,,,,,1,
3/21/2021,8:05,0.08,m,3,h3,0,0,,1,,,,,,,,,,,,,1,,,,,1,,,,,,,,,,,,1,,,,,,,,,,,,3,,,,,,,1,1,,1,,,,,,,,,,,,,,,1,,,,,,,2,,,
3/21/2021,8:20,0.1,m,3,h2,0,0,,1,,1,,,,,,1,,,,,,,,1,,,,,,,,,,,,,,1,,,,,,,,,,,,1,,,,,,,,1,,,,,,,,,,,,,,,,,1,,,,,,,,,,
3/21/2021,8:30,0.11,m,3,h1,0,0,,,,,,,,,,1,,1,,,1,,,1,,,,1,,5,,,,,1,,,,1,,,1,,,,,,,,,,,,,,,1,,,,,1,,,,,,,,,,,,,,,,,,,,,,,
3/21/2021,10:55,0.31,n,3,w6,0,0.1,1,,,2,,,,,,,,1,,,1,,,,1,,,,,,,,,,,,,1,,,,,,,,,,,,,,,,,,1,1,1,,1,,,,,,,,,,,,,,1,1,,,,,,,,,,
3/21/2021,11:05,0.33,n,3,w5,0,0.2,,1,,6,,,,,,,,1,,,,,,,,,,,,,,,,,,,,1,,,,,,,,,,,,,,,,,,,2,2,,,,,,,,,,,,,,,,,,,,,,,,,,,
3/21/2021,11:15,0.34,n,3,w4,0,0.3,,,,3,,,,,1,,,,,,,,,,,,,,,,,,,,,,,,,,,,,,,,,,,,,,,,,,,,,1,,,,,,,,,,,,,,,,,,,,,,2,,,
3/21/2021,11:25,0.35,n,3,w2,0,0.3,,,,1,,,,,,1,,,,,,,,,,1,,,,,,,,,,,,,,,,,,,,,,,,,,,,,,,,1,,,,,,,,,,,,,,,,,,,,,,,,,,,
3/21/2021,11:30,0.36,n,3,w3,0,0.3,,,,,,,,,,,,,,,,,,,,,,,,1,,,,,,,,,,,,,,,,,1,,,,,,,,,,,,,,,,,,,,,,,,,,,,,,,,,,,,,,
3/21/2021,11:40,0.37,n,3,w1,0,0.3,,1,,1,,,,,,,,,,1,,,,,,,,,,,,,,,,,,,,,,,,,,,,,,,,,,,,,,,,,,,,,,,,,,,,,,,,,,,,,,,,,
3/22/2021,18:05,0.9,e,3,w4,1,0,,1,,4,,,,,,,,,,,,,,,,,,,,,,,,,,,,,,,,,,,,,,,,,,,,,,,,,,1,,,,,,,,,,,,,,,,,,,,,,2,,,
3/22/2021,18:15,0.91,e,3,w3,1,0.1,,,1,2,,,,,,,,,,,,,,,,,,,,,,,,,,,,,,,,,,,,,,,,,,,,,,,,,,,,,,,,,,,,,,,,1,,,,,,,,,,,
3/22/2021,18:20,0.92,e,3,w2,1,0.2,,,,,,,,,,,,,,,,,,1,,,,,,,,,,1,,,,1,,,,,,,,,,,,,,,,,,,,,,,,,,,,,,,,,,,,,,,,,,,,,,,
3/22/2021,18:30,0.93,e,3,w1,1,0.3,,,,2,,,,,,,,1,,,,,,1,,,,,,,,,,,,,,,,,,,,,,,,,,,,,,,,,1,1,,,,,,,,,,,,,,,,,,,,,,,,,,,
3/22/2021,18:50,0.96,e,3,w5,1,0.4,,,,7,,,,,5,,,,,,,,,,,1,,,,,,,,,,,,20,,,,,,,,,,,,,,,,,,,1,2,,,,,,,,,,,,,,,,,,,,,,,,2,,,
3/22/2021,19:00,0.97,e,3,w6,1,0.5,,,,2,,,,,,,,,,,,,,,1,,,,,1,,,,,,,,3,,,,,,,,,1,,,,,,,,,,,1,,1,,,,,,,,,,,,,,2,,,,,,,,,,,
3/23/2021,13:05,0.49,a,3,h2,6,1,,1,,4,,,,,,,,2,,,,,,,,,,,,,,,,,,,1,,,,,,,,,,,,,,,,,,,,,1,,,,,,,,,,,,,,,,,,,,,,,,2,,,
3/23/2021,13:15,0.51,a,3,h1,1,1,,,,,,,,,,1,,,,1,,,1,1,,,,,,1,,,,,,,,,1,,,,,,,,,,,,,,,,,,,2,,,,1,,,,,,,,1,,,,,,,,,,,,1,,,
3/23/2021,13:40,0.54,a,3,h3,1,1,,,,,,,,,,,,,,,,,,,,,,,,,,,,,,,,,1,,,,,,,,,,,,,,,,,,,2,,,,,,,,,,,,,,,,,,,,,,,,,,,
3/23/2021,13:55,0.56,a,3,h4,6,1,,,,,,,,,,,,,,,,,,,,,,,,,,,,,,,,2,,,,,,,,,,,,1,,,,,,,,,,,1,,,,,,,,,,,,,,,,,,,,,,,,
3/24/2021,13:20,0.51,a,3,w4,1,1,,,,8,,,,,,,,1,,,1,,,1,,,,,,,,,,,,,,1,,,,,,,,,,,,,,,,,,,,2,1,1,,,,,,,,,,,,,,,,,,,,,,,,,
3/24/2021,13:30,0.53,a,3,w1,1,1,,2,,1,,,,,,,,,,,,,,,,1,,,,,,,,,,,,,,,,,,,,,,,,,,,,,,,,2,,,,,,,,,,,,,,,,,,,,,,,,,,,
3/24/2021,13:40,0.54,a,3,w2,1,1,,1,,,,,,,,,,,,,,,,,,,,,,,,,,,,,,1,,,,,,,,,,,,,,,,,,,,,,,,,,,,,,,,,,,1,,,,,,,,,,,,
3/24/2021,13:50,0.55,a,3,w3,1,1,,1,,1,,,,,,,,,,,,,,1,,1,,,,,,,,,,,,,,,,,,,,,,,,,,,,,,,1,3,,,,,,,,,,,,,,,,1,,,,,,1,,,,,
3/24/2021,14:15,0.59,a,3,w5,1,1,,1,,2,,,,,5,,,1,,,1,,,,,,,,,,,,,,,,,4,,,,,,,,,1,,,,,,,,,,1,2,,,,,,,,,,,,,,,,,,,,,,,,2,,,
3/24/2021,14:30,0.61,a,3,w6,1,1,,,,,,,,,2,,,,,,,,,,,,,,,,,,,,,,,4,,,,,,,,,,,,,,,,,,,1,,,1,,,,,,,,,,,,,,1,1,,,,,,,1,,,
3/25/2021,7:40,0.05,m,3,h4,0,0.1,,1,,,,,,,,,,1,,,,,,,,1,1,,,,,,,,,,,1,,,,,,,,,,,,,,,,,,,1,2,,,,1,,,,,,,,,,,,,,,,,,,,,,,
3/25/2021,7:50,0.07,m,3,h3,0,0.2,,,,,,,,,,,,1,,,,,,1,,1,,,,,,,,,,,,1,,,,,,,,,,,,1,,,,,,,,1,,1,,,,,,,,,,,,,,1,1,,,,,,,,,,
3/25/2021,8:10,0.09,m,3,h2,0,0.3,,,,1,,,,,,1,,1,,,,,,3,,,5,,,,,,,,,,,1,,,,,,,,,,,,,,,,,,,,1,,,,,,,,,,,,,,,,,,,,,,,,1,,,
3/25/2021,8:20,0.11,m,3,h1,0,0.4,,,1,1,,,,,,1,,1,,,1,,1,2,,,,,,3,,,,,,,1,,1,,,,,,,,,1,,,,,,,,,,2,,,,1,,,,,,,,,,,,,,,,,,,,2,,,
3/26/2021,10:50,0.31,n,3,h4,1,1,,1,,,,,,,,,,1,,,,,,,,,,,,,,,,,,,,1,,,,,,,,,1,,,,,,,,,,,2,,1,,,,,,,,,,,,,,,,,,,,,,,,,
3/26/2021,11:05,0.33,n,3,h3,1,1,,,,1,,,,,,,,,,,,,,1,,1,,,,,,,,,,,,1,,,,,,,,,,,,1,,,,,,,,1,,,1,,,,,,,,,,,,,,1,,,,,,,1,,,
3/26/2021,11:20,0.35,n,3,h2,1,1,,1,,4,,,,,,1,,,,,,,,2,,,,,,,,,,,,,,1,,,,,,,,,1,,,,,,,,,,,,,,,,,,,,,,1,,,,,,,,,,,,,,,,
3/26/2021,11:30,0.36,n,3,h1,1,0.8,,,,1,,,,,,1,,1,,,,,,,1,1,,,,2,,,,,,,,,1,,,,,,,,,,,,,,,,,,,,,,,1,,,,,,,,,,,,,1,,,,1,,,1,,,
3/26/2021,13:05,0.49,a,3,w4,1,0.6,,1,,5,,,,,5,,,,,,,,,,,,,,,,,,,,,,,1,,,,,,,,,,,,,,,,,,,1,,,1,,,,,,,,,,,,,,,,,,,,1,,,,,
3/26/2021,13:15,0.51,a,3,w1,1,0.6,,,,,,,,,,,,,,,,,,1,,1,,,,,,,1,,,,,,,,,,,,,,,,,,,,,,,,,,,,,1,,,,,,,,,,,,,,,,,,,,,,,
3/26/2021,13:25,0.52,a,3,w2,1,0.6,,1,,,,,,,,,,,,,,,,,,1,,,,,,,,,,,,,,,,,,,,,,,,,,,,,,,,,,,,1,,,,,,,,,,,1,,,,,,,1,,,,,
3/26/2021,13:30,0.53,a,3,w3,1,0.6,,,,,,,,,,,,1,,,,,,,,1,,,,,,,,,,,,,,,,,,,,,,,,,,,,,,,,2,,,,,,,,,,,,,,,,1,,,,,,,,,,,
3/26/2021,13:50,0.55,a,3,w5,1,0.5,,,,4,,,,,1,,,,,,1,,,,,,,,,,,,,,,,,,,,,,,,,,1,,,,,,,,,,,2,,,,,,,,,,,,,,,,,,,,,,1,,3,,,
3/26/2021,14:00,0.57,a,3,w6,1,0.4,,1,,1,,,,,,,,,,,,,,,1,,,,,1,,,,,,,,1,,,,,,,,,,,,,,,,,,,,,,,,,,,,,,,,,,,,,,,,,,,,,,,
3/27/2021,14:25,0.6,a,3,h4,0,0.9,,3,,1,,,,,,,,1,,,,,,,,,3,,,,,,,,,,,1,,,,,,,,,,,,,,,,,,,,2,,,,,,,,,,,,,,,,,,,,,,,,,,,
3/27/2021,14:40,0.62,a,3,h3,0,1,,,,,,,,,,,,1,,,,,,,,1,,,,,,,,,,,,,1,,,1,,,,,,,,1,,,,,,,1,2,,1,,,,,,,,,,,,,,,1,,,,,,,,,,
3/27/2021,14:55,0.64,a,3,h2,0,0.9,,,,7,,,,,,1,,,,,,,,,,,,1,,,,,,,,,,,,,,,,,,,,,,,,,,,,,,1,,,,,,,,,,,,,,,,,,,,,,,,2,,,
3/27/2021,15:05,0.65,a,3,h1,0,0.9,,,,,,,,,,1,,,,,,,1,1,,,,,,3,,,,,,,,,1,,,,,,,,,,,,,,,,,,,2,,,,1,,,,,,,,,,,,,,,,,,,,1,,,
3/28/2021,10:25,0.28,n,3,w6,7,0.7,,1,,2,,,,,,,,1,,,,,,,,1,,,,1,,,,,,,,3,,,,,,,,,1,,,,,,,,,,,1,,1,,,,,,,,,,,,,,2,1,,,,,,,,,,
3/28/2021,10:35,0.29,n,3,w5,7,0.7,,1,1,3,,,,,4,,,1,,,2,,,,,1,,,,,,,,,,,,1,,,,,,,,,,,,,,,,,,,2,1,,,,,,,,,,,1,,,,,,,,,,,,,1,,,
3/28/2021,10:50,0.31,n,3,w4,0,0.6,,1,,1,,,,,,,,,,,,,,1,,1,,,,,,,,,,,,1,,,,,,,,,,,,,,,,,,,,2,,,,,,,,,,,,1,,,,,,,,,,1,,1,,,
3/28/2021,11:00,0.33,n,3,w2,0,0.6,,,,1,,,,,,,,1,,,,,,,,,,,,,,,,,,,,1,,,,,,,,,,,,,,,,,,,,1,,,,,,,,,,,,,,,,,,,,,,,,,,,
3/28/2021,11:05,0.33,n,3,w3,0,0.6,,1,,1,,,,,,,,2,,,2,,,,,1,,,,,,,,,,,,,,,,,,,,,,,,,,,,,,1,,1,,,,,,,,,,,,,,,,,,,,,,,,,,,
3/28/2021,11:20,0.35,n,3,w1,0,0.6,,,,1,,,,,,,,1,,,,,,,,,,,,,,,,,,,,,,,,,,,,,,,,,,,,,,,,2,,,,,,,,,,,,,,,,,,,,,,,,,,,
3/29/2021,16:55,0.8,e,3,h1,0,0,,1,1,1,,,,,,,,,,,,,1,1,,,,,,2,,,,,,,,,,,,,,,,,,,,,,,,,,1,1,2,,1,,,,,,,,,,,,,,,,,,,,,,1,,,
3/29/2021,17:05,0.81,e,3,h2,0,0,,1,,3,,,,,,,1,,,,1,,,,,,4,,,,,,,,,,,2,,,,,,,,,,,,,,,,,,,,2,,,,,,,,,,,,,,,,,,,,,,,,,,,
3/29/2021,17:25,0.84,e,3,h3,0,0,,,,,,,,,,,,,,,,,,,,,,,,,,,,,,,,1,,,,,,,,,,,,3,,,,,,1,,2,,1,,,,,,,,,,,,,,,1,,,,,,,,,,2
3/29/2021,17:40,0.86,e,3,h4,0,0,,,,1,,,,,,,,,,,,,,,,,,,,,,,,,,,,3,,,,,,,,,,,,,,,,,,,1,1,,,,,,,,,,,,,,,,,,,,,,,,,,,
3/30/2021,8:10,0.1,m,3,w4,0,0,,1,,4,,,,,,,,,,,,,,1,,1,,,,,,,,,,,,,,,,,,,,,,,,,,,,,,,1,3,,,,,,,,,,,,,,,,,,,,,,,,2,,,
3/30/2021,8:20,0.12,m,3,w1,0,0,,,,1,,,,,,,,1,,,,,,1,,,,,,,,,,,,,,,,,,,,,,,,,,,,,,,,,1,2,,,,,,,,,,,,,,,,,,,,,,,,,1,,
3/30/2021,8:30,0.13,m,3,w2,0,0,,1,,2,,,,,,,,,,,,,,,,1,,,,,,,,,,,,1,,,,,,,,,,,,,,,,,,,1,1,,,,,,,,,,,,,,,,1,,,,,,,,,,,
3/30/2021,8:35,0.14,m,3,w3,0,0,,,,,,,,,,1,,2,,,1,,,,,1,,,,,,,,,,,,,,,,,,,,,,,,,,,,,,,1,2,,,,,,,,,,,,,,,,1,,,,,,,,,,,
3/30/2021,8:55,0.16,m,3,w5,0,0,,,,4,,,,,3,,,,,,,,,,,2,,,,,,,,,,,,2,,,,,,,,,,,,,,,,,,,1,4,,2,,,,,,,,,,,,,,,,,,,,,,,,,
3/30/2021,9:10,0.18,m,3,w6,0,0,1,1,,1,,,,,,,,1,,,,,,,,,,,,,,,,,,,,2,,,,,,,,,1,,1,,,,,,,1,1,1,,2,,1,,,,,,,,,,,,1,1,,,,,,,,,,1
3/31/2021,11:10,0.34,n,3,h4,0,0.5,,,,2,,,,,,,,,,,,,,,,,,,,,,,,,,,1,2,,,,,,,,,,,,,,,,,,,,3,,,,,,,,,,,,,,,,,,,,,,,,,,,
3/31/2021,11:25,0.36,n,3,h3,0,0.5,,,,,,,,,,,,,,,,,1,,,,,,,,,,,,,,,1,,,,,,,,,,,,2,,,,,,,,1,,,,,,,,,,,,,,,,,,,,,,,,,,,
3/31/2021,11:45,0.39,n,3,h2,0,0.5,,1,1,,,,,,,,,,,,,,,,,,,,,,,,,,,,,,,,,,,,,,,,,,,,,,,,,,,,,,,,,,,,,,,,,,,,,,,,,,,,
3/31/2021,12:00,0.41,n,3,h1,0,0.5,,,1,,,,,,,1,,1,,,,,,1,,,,1,,3,,,,,,,,,1,,,,,,,,,,,,,,,,,,,1,,,,1,,,,,,,,,,,,,,,,,1,,,3,,,
4/1/2021,17:30,0.85,e,4,w6,0,1,,1,,1,,,,,3,,,1,,,,,,1,,,,,,,,1,,,,,,8,,,,,,,,,,,,,,,,,,,1,1,,2,,,,,,,,,,,,,,2,,,,,,,,,,,1
4/1/2021,17:40,0.86,e,4,w5,0,1,,,,4,,,,1,,,,,,,1,,,,1,1,,,,,,,,,,,,1,,,,,,,,,,,,,,,,,,,1,2,,1,,,,,,,,,,,,,,,,,,,,,,,,,
4/1/2021,17:55,0.88,e,4,w4,0,1,,,,6,,,,,,,,,,,,,,,,,,,,,,,1,,,,,,,,,,,,,,,,,,,,,,,,,1,,1,,,,,,,,,,1,,,,,,,,,,,,1,,,
4/1/2021,18:05,0.89,e,4,w3,1,1,,1,1,,,,,,,,,,,,,,,,,,,,,,,,,,,,,,,,,,,,,,,,,,,,,,,,,,,,,,,,,,,,,,,,,,,,,,,,,,,,
4/1/2021,18:15,0.9,e,4,w7,0,1,,1,,4,,,,,,,,,,,,,,,,1,,,,,,,,,,,,,,,,,,,,,,,,,,,,,,,,1,,,,,,,,,,,,,,,,,,,,,,,,,,,
4/1/2021,18:25,0.92,e,4,w1,0,1,,1,,2,,,,,,,,,,,,,,,,1,,,,,,,,,,,,,,,,,,,,,,,,,,,,,,,1,2,,,,,,,,,,,,,,,,,,,,,,,,,,,
4/1/2021,18:35,0.93,e,4,w2,1,1,,,,2,,,,,,,,,,,,,,,,,,,,,,,,,,,,1,,,,,,,,,,,,,,,,,,,,1,,,,,,,,,,,,,,,,,,,,,,,,,,,
4/2/2021,11:25,0.36,n,4,h5,1,0.6,,,1,,,,,,,,,,,,,,,,,,,,,,,,,,,,,,,,,,,,,,,,,,,,,,,,,1,,,,,,,,,,,,,,,,,,,,,,,,,,,
4/2/2021,11:35,0.38,n,4,h6,1,0.6,,,,,,,,,,,,,,,,,,1,,,,,,,,,,,,,,,,,,,,,,,,,,,,,,,,,,,,,,,,,,,,,,,,,,,,,,,,,,,,,
4/2/2021,11:40,0.38,n,4,h7,1,0.6,,1,,,,,,,,,,,,,,,,,,1,,,,,,,,,,,,,,,,,,,,,,,,,,,,,,,,1,,,,,,,,,,,,,,,,,,,,,,,,,,,
4/2/2021,11:45,0.39,n,4,h8,0,0.6,,,,1,,,,,,,,,,,,,,,,,,,,,,,,,,,,,,,,,,,,,,,,,,,,,,,,2,,,,,,,,,,,,,,,,,,,,,,,,,,,
4/2/2021,11:50,0.4,n,4,h4,1,0.6,,,,,,,,,,,,,,,,,,1,,1,,,,,,,,,,,,2,,,,,,,,,,,,,,,,,,,,,,,,,,,,,,,,,,,,,,,,,,,,,,,
4/2/2021,12:05,0.42,n,4,h3,1,0.6,,1,,1,,,,,,,,,,,,,1,,,,,,,,,,,,,,,,,,,,,,,,,,,1,,,,,,,,,,,1,,,,,,,,,,,,,,,,,,,,,,,,
4/2/2021,12:20,0.44,n,4,h2,1,0.4,,1,,1,,,,,,,,1,,,,,,,,,,,,,,,,,,,,,,,,,,,,,,,,,,,,,,,,2,,,,,,,,,,,,,,,,,,,,,,1,,,,,
4/2/2021,12:30,0.45,n,4,h1,0,0.4,,,1,,,,1,,,1,,,,,,,,1,1,,,,,2,,,,,,,,,1,,,,,,,,,,,,,,,,,1,1,1,,,,1,,,,,,,,,,,,,,,,,2,1,,1,,,
4/3/2021,8:20,0.12,m,4,w6,0,0,,,,1,,,,,3,,,1,,,,,,,1,1,,,,1,,1,,,,,,1,,,,,,,,,,,,,,,,,,,,2,,1,,,,,,,,,,,,,,1,1,,,,,,,2,,,1
4/3/2021,8:30,0.14,m,4,w5,0,0,,,,5,,,,,,,,1,,,,,,,,1,,,,,,,,,,,,2,,,,,,,,,1,,,,,,,,,,1,1,,,,,,,,,,,,,,,,,,,,,,,,,,,
4/3/2021,8:45,0.15,m,4,w4,0,0,,1,,7,,,,,,,,,,,,,,1,,1,,,,,,,,,,,,1,,,,,,,,,,,,,,,,,,,,,,1,,,,,,,,,,,,,,,,,,,,,,2,,,
4/3/2021,8:55,0.17,m,4,w2,0,0,,,,1,,,,,,,,1,,,,,,1,,,,,,,,,,,,,,1,,,,,,,,,,,,,,,,,,,,2,,,,1,,,,,,,,,,,,,,,,,,,,,,,
4/3/2021,9:00,0.17,m,4,w3,0,0,,,,,,,,,,,,1,,,,,,,,2,,,,,,,,,,,,,,,,,,,,,,,,,,,,,,,1,2,,,,,,,,,,,,,,,,1,,,,,,,,,,,
4/3/2021,9:10,0.19,m,4,w7,0,0,,1,,4,,,,,,,,1,,,1,,,,,1,,,,,,,,,,,,,,,,,,,,,1,,,,,,,,,,1,1,,1,,,,,,,,,,,,,,1,,,,,,,,,,,
4/3/2021,9:20,0.2,m,4,w1,0,0,,,,1,,,,,,,,1,,,,,,,,1,,,,,,,,,,,,,,,,,,,,,,,,,,,,,,,,1,,,,,,,,,,,,2,,,,,,,,,,,,2,,,
4/7/2021,17:05,0.81,e,4,h4,0,0,,,,2,,,,,,1,,,,,,,,,,1,,,,1,,,,,,,,2,,,,,,,,,,,,,,,,,,,1,3,,,,,,,,,,,,,,,,,,,,,,,,,,,
4/7/2021,17:20,0.83,e,4,h3,0,0,,,,,,,,,,,,2,,,,,,1,,1,1,,,,,,,,,,,4,,,,,,,,,2,,,4,,,,,,,2,,,1,,,,,,,,,,,,,,,1,,,,,,,,,,
4/7/2021,17:40,0.85,e,4,h2,0,0,,1,,2,,,,,,,,1,,,,,,,,,,,,,,,,,,,,,,,,,,,,,1,,,,,,,,,,,3,,,,,,,,,,,,,,,,,,,,,,,,,,,
4/7/2021,17:50,0.87,e,4,h1,0,0,,1,,,,,,,,1,,,,,,,1,1,,,,,,2,,,,,,,1,,1,,,,,,,,,,,,,,,,,,,3,,,,1,,,,,,,,,,,,,,,,,2,,,2,,,
4/7/2021,18:25,0.91,e,4,h8,0,0,,,,1,,,,,,,,,,,,,,1,,1,,,,,,,,,,,1,1,,,,,,,,,,,,,,,,,,,,3,,,,,,,,,,,,,,,,,,,,,,,,,,,
4/7/2021,18:30,0.92,e,4,h7,0,0,,,,1,,,,,,,,,,,,,,,,,,,,,,,,,,,,,,,,,,,,,,,,,,,,,,,,1,,,,,,,,,,,,,,,,,,,,,,,,,,,
4/7/2021,18:40,0.93,e,4,h6,0,0,,1,,,,,,,,,,,,,,,,,,,,,,,,,,,,,,,,,,,,,,,,,,,,,,,,,,,,,,,,,,,,,,,,,,,,,,,,,,,,,
4/7/2021,18:50,0.95,e,4,h5,0,0,,1,,,,,,,,,,,,,,,,,,,,,,,,,,,,,,,,,,,,,,,,,,,,,,,,,,2,,,,,,,,,,,,,,,,,,,,,,,,1,,,
4/8/2021,7:30,0.06,m,4,h5,0,0.1,,,,1,,,,,,,,,,,,,,,,,,,,,,,,,,,,1,,,,,,,,,,,,,,,,,,,,1,,1,,,,,,,,,,,,,,,,,,,,,,,,,
4/8/2021,7:35,0.07,m,4,h6,0,0.1,,1,,,,,,,,,,1,,,,,,,,,,,,,,,,,,,,,,,,,,,,,,,,,,,,,,,,1,,,,,,,,,,,,,,,,,,,,,,,,,,,1
4/8/2021,7:45,0.08,m,4,h7,0,0.1,,,,1,,,,,,1,,,,,1,,,,,1,,,,,,,,,,,,,,,,,,,,,,,,,,,,,,,,2,,,,,,,,,,,,,,,,,,,,,,,,,,,
4/8/2021,7:50,0.09,m,4,h8,0,0.1,,,,,,,,,,,,1,,,1,,,1,,1,,,,,,,,,,,,,,,,,,,,,,,,,1,,,,,,,3,,,,,,,,,,,,,,,,,,,,,,,,,,,
4/8/2021,7:55,0.1,m,4,h4,6,0.1,,1,,1,,,,,,,,2,,,,,,,,,,,,,,,,,,,,2,,,,,,,,,,,,,1,,,,,,,2,,,,,,,,,,,,,,,,,,,,,,,,,,,
4/8/2021,8:10,0.12,m,4,h3,0,0.1,,,,1,,,,,,1,,,,,,,,1,,1,,,,,,,,,,,1,2,,,,,,,,,1,,,3,,,,,,,,3,,1,,,,,,,,,,,,,,,1,,,,,,,,,,
4/8/2021,8:25,0.14,m,4,h2,0,0.1,,1,,2,,,,,1,,,,,,,,,,,,1,,,,,,,,,,1,1,,,,,,,,,,,,,,,,,,,,1,,1,,,,,,,,,,,,,,,,,,,,,,,,,
4/8/2021,8:35,0.15,m,4,h1,0,0.1,,,,,,,,,,,,,,,1,,,,,,,,,,,,,,,,,,2,,,,,,,,,,,,,,,,,,,2,,,1,1,,,,,,,,,,,,,,,,,1,,,,,,
4/8/2021,10:15,0.28,n,4,w6,0,0.3,,,1,2,,,,,,,,2,,,,,,1,,,,,,3,,1,,,,,,7,,,,,,,,,1,,,,,,,,,,,2,,1,,,,,,,,,,,,,,1,,,,,,,,,,,
4/8/2021,10:25,0.29,n,4,w5,1,0.4,,,,,,,,,,,,1,,,,,,,,2,,,,,,,,,,,,3,,,,,,,,,,,,,,,,,,,1,2,,,,,,,,,,,,,,,,,1,,,,,,,,,,
4/8/2021,10:40,0.31,n,4,w4,0,0.4,,,1,6,,,,,,,,,,,,,,1,,,,,,,,,,,,,,3,,,,,,,,,,,,,,,,,,,1,1,1,1,,,,,,,,,,,,,,,,,,,,,,2,,,
4/8/2021,10:50,0.32,n,4,w2,0,0.3,,,,,,,,,,,,1,,,,,,1,,,,,,,,,,,,,,,,,,,,,,,,,,,,,,,,,1,2,,,,,,,,,,,,1,,,,1,,,,,,,,,,,
4/8/2021,10:55,0.33,n,4,w3,0,0.2,,,,1,,,,,,,,1,,,,,,,,,,,,,,,,,,,1,1,,,,1,,,,,,,,,,,,,,,,2,,,,1,,,,,,,,,,,,,,,,,,,,,,,1
4/8/2021,11:00,0.34,n,4,w7,1,0.2,,,,,,,,,,,,,,,,,,1,,,,,,,,,,,,,,,,,,,,,,,2,,,,,,,,,,,2,,,,,,,,,,,,,,,,1,,,,,,,,,,,
4/8/2021,11:10,0.35,n,4,w1,0,0.2,,,,1,,,,,,,,,,,,,,1,,2,,,,,,,,,,,,,,,,,,,,,,,,,,,,,,,1,1,,,,,,,,,,1,,,,,,1,,,,,,,,2,,,
4/10/2021,8:45,0.16,m,4,w4,0,1,,,1,6,,,,,,,,,,,,,,,,1,,,,,,,,,,,,,,,,,,,,,,,,,,,,,,,1,2,,1,,,,,,,,,,,,,,,,,,,,,,1,,,
4/10/2021,8:55,0.18,m,4,w2,6,1,,1,1,1,,,,,,,,,,,,,,,,,,,,,,,,,,,,1,,,,,,,,,,,,,,,,,,,1,2,,,,,,,,,,,,,,,,,,,,,,,,,,,
4/10/2021,9:00,0.18,m,4,w3,0,1,,,,1,,,,,,,,2,,,,,,,,,,,,1,,,,,1,,1,2,,,,,,,,,,,,,,,,,,,,4,,,,,,,,,,,,,,,,1,,,,,,,,3,,,
4/10/2021,9:10,0.2,m,4,w7,0,1,,1,,2,,,,,,,,2,,,2,,,,,1,,,,2,,,,,,,,1,,,,,,,,,,,,,,,,,,,1,,,,,,,,,,,,,,,,,1,,,,,,,,1,,,
4/10/2021,9:20,0.21,m,4,w1,0,1,,,,2,,,,,,,,1,,,,,,,,1,,,,,,,,,,,,,,,,,,,,,,,,,,,,,,,1,2,,,,1,,,,,,,,,,,,,,,,,,,,1,,,
4/10/2021,9:35,0.23,m,4,w5,0,1,,,,3,,,,,,,,,,,,,,,,1,,,,,,,,,,,,2,,,,,,,,,1,,,,,,,,,,,4,,,,,,,,,,,,,,,,,,,,,,,,,,,
4/10/2021,9:45,0.24,m,4,w6,0,1,,,,2,,,,,,,1,1,,,,,,,1,1,,,,2,,,,,,,,4,,,,,,,,,,,,,,,,,,,1,1,,1,,,,,,,,,,,,,,1,1,,,,,,,,,,
4/11/2021,16:28,0.76,e,5,w6,0,0.8,,1,,2,,1,,,1,,,,,,,,,,,,,,,,,,,,,,,1,,,,,,,,,,,,,,,,,,1,,1,,,,,,,,,,,,,,,,1,,,,,,,,2,,,
4/11/2021,16:33,0.77,e,5,w5,6,0.8,,,,1,,,,,,,,,,,1,,,,,,,,,,,,,,,,,3,,,,,,,,,1,,,,,,,,,,1,1,,1,,,,,,,,,,,,,,,1,,,,,,,1,,,
4/11/2021,16:46,0.78,e,5,w4,0,0.8,,,,4,,,,,,,,,,,,,,,,,,,,,,,,,,,,,,,,,,,,,,,,,,,,,,,,1,,1,,,,,,,,,,,,,,,,,,,,,,,,,
4/11/2021,16:54,0.79,e,5,w2,0,0.8,,1,,,,,,,,,,,,,,,,1,,1,,,,,,,,,,,,1,,,,,,,,,1,,,,,,,,,,1,1,,,,,,,,,,,,,,,,,,,,,,,,,,,
4/11/2021,17:01,0.8,e,5,w3,6,0.9,,1,1,2,,,,,,,,,,,,,,,,1,,,,,,,,,,,,,,,,,,,,,,,,,,,,,,,,,,,,,,,,,,,,,,,,1,,,,,,,,,,,
4/11/2021,17:10,0.81,e,5,w7,0,0.9,,,,1,,,,,,,,1,,,1,,,,,2,,,,,,,,,,,,1,,,,,,,,,1,,,,,,,,,,,3,,,,,,,,,,,,,,,,,,,,,,,,4,,,
4/11/2021,17:20,0.83,e,5,w1,0,1,,,,2,,,,,,,,,,,,,,,,1,,,,,,,,,,,,,,,,,,,,,,,,,,,,,,,1,2,,,,1,,,,,,,,,,,,,,,,,,,,2,,,
4/13/2021,10:51,0.33,n,5,h1,1,0.9,,,,,,,,,,1,,,,,2,,,1,,1,,1,,2,,,,,,,1,,2,,,,,,,,,,,,,,,,,,,1,,,,1,,,,,,,,,,,,,,,,,,,,,,,
4/13/2021,11:03,0.34,n,5,h2,0,1,,1,,2,,,,,,,,1,,,,,,,,,,,,,,,,,,,1,1,,,,,,,,,,,,,,,,,,,,2,,1,,,,,,,,,,,,,,,,,,,,,,,,,
4/13/2021,11:18,0.36,n,5,h3,0,0.9,,,,1,,,,,1,,,,,,1,,,,,1,,,,,,,,,,,1,,,,,,,,,,,,,2,1,,,,,,,1,,,,,,,,,,,,,,,,,1,,,,,,,,,,
4/13/2021,11:34,0.38,n,5,h4,0,1,,1,,2,,,,,,,,1,,,,,,,,2,,,,,,,,,,,,1,,,,,,,,,,,,,,,,,,,,2,,,,,,,,,,,,,,,,,,,,,,,,,,,
4/13/2021,11:44,0.4,n,5,h8,0,1,,,,1,,,,,,,,1,,,,,,1,,,,,,,,,,,,,1,,,,,,,,,,1,,,,,,,,,,,3,,1,,,,,,,,,,,,,,,,,,,,,,,,,
4/13/2021,11:50,0.4,n,5,h7,0,1,,1,,,,,,,,,,,,,,,,,,,,,,,,,,,,,,,,,,,,,,,,,,,,,,2,,,,2,,,1,1,,,,,,,,,,,,,,,,,,,,,,,
4/13/2021,12:00,0.42,n,5,h6,0,1,,1,,,,,,,,,,,,,,,,1,,,,,,,,,,,,,,,,,,,,,,,,,,,,,,,,,,,,,,,,,,,,,,,,,,,,,,,,,,,,,
4/13/2021,12:08,0.43,n,5,h5,0,1,,,,,,,,,,,,,,,1,,,,,,,,,,,,,,,,,,,,,,,,,,,,,2,,,,,,,,1,,,,,,,,,,,,,,,,,,,,,,,,,,,
4/19/2021,12:46,0.48,a,5,w6,3,1,,,,1,,,,,1,,,,,,,,,,,1,,,,,,,,,,,,3,,,,,,,,,,,,,,,,,,,,1,,,,,,,,,,,,,,,,2,,,,,,,,1,,,
4/19/2021,12:54,0.49,a,5,w5,2,1,,,,1,,,,,,,,,,,,,,,,,,,,,,,,,,,,1,,,,,,,,,,,,,,,,,,,,1,,,,,,,,,,,,,,,,,,,,,,,,,,,
4/19/2021,13:07,0.5,a,5,w4,0,1,,1,,10,,,,,,,,,,,,,,,,,,,,,,,,,,,,9,,,,,,,,,,,,,,,,,,,,1,,1,,,,,,,,,,,,,,,,,,,,,,1,,,
4/19/2021,13:14,0.51,a,5,w2,1,1,,,,2,,,,,,,,1,,,,,,1,1,1,,,,,,,,,,,,1,,,,,,,,,,,,,,,,,,,,1,,,,,,,,,,,,,,,,,,,,,,,,,,,
4/19/2021,13:22,0.52,a,5,w3,1,0.9,,,,,,,,,,,,,,,,,,,,,,,,,,,,,,,,,,,,1,,,1,,,,,,,,,,,,2,,,,,1,,,,,,,,,,,,,,,,,,,,,,,
4/19/2021,13:31,0.53,a,5,w7,1,0.9,,1,,1,,,,,,,,2,,,1,,,,,,,,,,,,,,,,,,,,,,,,,,,,,,,,,,,,,1,,,,,,,,,,,,,,,,1,,,,,,,,,,,
4/19/2021,13:41,0.55,a,5,w1,1,1,,,,2,,,,,,,,1,,,,,,1,,1,,,,,,,,,,,,,,,,,,,,,,,,,,,,,,,,,,,,,,,,,,,,,,,,,,,,,,,,,,,
4/23/2021,7:23,0.08,m,6,h5,6,0,,,,,,,,,,,,1,,,,,,,,,,,,,,,,,,,,,,,,,,,,,,,,,,,,,,,,1,,,,,,,,,,,,,,,,,1,,,,,,,,,,
4/23/2021,7:31,0.09,m,6,h6,6,0,,1,,1,,,,,,,,,,,,,,,,,,,,,,,,,,,,,,,,,,,,,,,,,,,,,,1,,1,,,,,,,,,,,,,,,,,,,,,,,,,,,1
4/23/2021,7:40,0.1,m,6,h7,6,0,,,,1,,,,,,,,,,,1,,,,,,,,,,,,,,,,,1,,,,,,,,,,,,,,,,,,,,1,,,,,,,,,,,,,,,,,,,,,,,,,,,
4/23/2021,7:48,0.11,m,6,h8,0,0,,1,,1,,,,,1,,,1,,,1,,,,,1,,,,,,,,,,,1,,,,,,,,,,,,,,1,,,,,,,1,,,,,,,,,,,,,,,,,,,,,,,,,,,
4/23/2021,8:08,0.13,m,6,h3,0,0,,1,,1,,1,,,,,,,,,1,,,1,1,,,,,,,,,,,,,3,,,,,,,1,,,,,,,,,,,,,1,,,,,,,,,,,,,,,,1,2,,,,,1,,,,,
4/23/2021,8:36,0.17,m,6,h1,0,0,,,,1,,,,,,1,,,,,1,,,1,,,,,,4,,,,,,,,,1,,,,,,,,1,,,,,,,,,,1,1,,,1,1,,,,,1,,,,,,,,,,,,,,,,,1,
4/23/2021,8:57,0.19,m,6,h2,0,0,,1,,,,,,,,,1,,,,1,,,,,,,,4,,,,,,,,1,,,,,,,,,,,,,,,,,,,,,1,,,1,,,,,,,,,,,,,,,,,,,,,1,,,
4/23/2021,9:24,0.23,m,6,h4,0,0,,1,,,,,,,1,,,,,,,,,1,,1,,,,,,,,1,,,,,,,,,,,,,,,,1,,,,,,,,2,,,,,,,,,,,,,,,,,,,,,,,,,,,
4/26/2021,10:40,0.32,n,6,w4,0,0,,,,3,,,,,,,,,,,,,,,,1,,1,1,,,,,,,,,1,,,,,,,,,,,,,,,,,,,,2,,,,,,,,,,,,,,,,,,,,,,,,,,,
4/26/2021,10:45,0.33,n,6,w2,6,0,,,,1,,,,,,,,,,,,,,,,1,,,,,,,,,,,,,,,,,,,,,,,,,,,,,,,,,,,,,,,,,,,,,,,,,,,,,,1,,,,,
4/26/2021,10:50,0.34,n,6,w3,6,0,,,,1,,,,,,,1,1,,,,,,,,,,,,,,,,,,,,,,,,1,,,,,,,,,,,,,,,,2,,,,,,,,,,,,,,,,,,,,,,,,,,,
4/26/2021,10:55,0.34,n,6,w7,0,0,,,,,,,,,,,,1,,,1,,,,,,,,,,,,,,,,,,,,,,,,,,,,,,3,,,,,,,,,,,,,,,,,,,,,,,,,,,,,,,,,,
4/26/2021,11:05,0.36,n,6,w1,0,0,,1,,1,,,,,,,,,,,,,,2,,1,,,,,,,,1,,,,,,,,,,,,,,,,,,,,,,,,2,,,,,,,,,,,,,,,,,,,,,,,,,,,
4/26/2021,11:25,0.38,n,6,w5,6,0,,1,,,,,,,,,,,,,,,,,1,,,,1,1,,,,,,,,5,,,,,,,,,,,,,,,,3,,,1,2,,,,,,,,,,,,,,,,,1,,,,,,,,,,
4/26/2021,11:35,0.39,n,6,w6,0,0,,,1,1,,1,,,,,,,,,1,,,,,1,,,1,1,,,,,,,,2,,,,,,,,,,,,,,,,,,,,1,,2,,,,,,,,,,,,,,1,1,,,,,,,,,,
4/29/2021,13:54,0.56,a,6,h5,15,0.1,,,1,,,,,,,,,,,,,,,1,,,,,,,,,,,,,,,,,,,,,,,,,,,,,,,,,,1,,,,,,,,,,,,,,,,,,,,,,,,,,,
4/29/2021,14:03,0.57,a,6,h6,15,0.1,,,,,,,,,,,,,,,,,,1,,,,,,,,,,,,,,,,,,,,,,,,,,,,,,,,,,,,,,,,,,,,,,,,,,,,,,,,,,,,,
4/29/2021,14:14,0.59,a,6,h7,15,0.1,,1,,,,,,,,,,,,,,,,,,,,,2,,,,,,,,,1,,,,,,,,,,,,,,,,,,,,,,,1,,,,,,,,,,,,,,,,,,,,,,,,
4/29/2021,14:25,0.6,a,6,h8,15,0.1,,2,,1,,,,,,,,,,,1,,,,,1,,,1,,,,,,,,,,,,,,,,,,,,,,1,,,,,,,2,,,,,,,,,,,,,,,,,,,,,,,,,,,
4/29/2021,14:32,0.61,a,6,h4,15,0.1,,,,1,,,,,1,,,,,,,,,,,1,,,1,,,,,,,,,,1,,,,,,,,,,,,1,,,,,,,,,,1,,,,,,,,,,,,,,,,,,,,,,,,
4/29/2021,14:47,0.63,a,6,h3,15,0.1,,1,,,1,,,,,,,,,,,,,,,,,,3,,,,,,,,,3,,,,,,,,,1,,,3,1,,,,,,1,1,,1,,,,,,,,,,,,,,1,1,,,,,,,,,,
4/29/2021,15:05,0.65,a,6,h2,5,0.2,,1,,1,,,,,,,,1,,,1,,,,,,6,,3,,,,,,,,,1,,,,,,,,,,,,,,,,2,,,,,,1,,,,,,,,,1,,,,,,,,,,,1,,,,,
4/29/2021,15:16,0.66,a,6,h1,15,0.2,,,,,,,,,,2,,1,,,,,,,,,8,,2,3,,,,,,,,,2,1,,,,,,,,,,,1,,,,,,,2,,,,,,,,,,,,,,,,,,,,,,,,,,,
5/3/2021,17:14,0.81,e,7,h5,7,1,,1,1,,,,,,,,,,,,,,,,,,,,,,,,,,,,,,,1,1,,,,,,,,,,,,,,,,,1,,,,,,,,,,,,,,,,,,,,,,,,2,,,
5/3/2021,17:27,0.82,e,7,h6,1,1,,1,,,,,,,,,,,,,,,,,,,,,,,,,,,,,,,,,,,,,,,,,,1,,,,1,,1,,2,,,,,,,,,,,,,,,,,,,,,,,,,,,1
5/3/2021,17:39,0.84,e,7,h7,6,1,,,,,,,,,,,,1,,,,,,,,1,,,,,,,,,,,,,,,,,,,,,,,,,1,,,,,,,1,,,,,,,,,,,,,,,,,,,,,,,,,,,
5/3/2021,17:48,0.85,e,7,h8,0,1,,,,1,,,,,,,,1,,,,,,,,,,,2,,,,,,,,,1,,,,,,,,,,,,,2,,,,,,3,2,,,,,,,,,,,,,,,,,,,,,,,,,,,1
5/3/2021,17:55,0.85,e,7,h4,0,1,,1,,,,,,,,,,1,,,,,,1,,1,,,2,,,,,,,,,1,1,,,,,,,,,,,,,,,,,,,3,,,,,,,,,,,,,,,,,,,,,,,,,,,
5/3/2021,18:17,0.88,e,7,h3,0,0.9,,1,1,,,,,,1,,,,,,,,,,,1,,,1,,,,,,,,,1,,,,,,,,,,,,3,,,,1,,,1,1,,1,,,,,,,,,,,,,,2,1,,,,,,,,,,
5/3/2021,18:35,0.9,e,7,h2,0,0.9,,1,,,,,,,1,,,,,,1,,,,,1,,,2,,,,,,,,1,,,,,,,,,,,,,,1,,,,,,,2,,1,,,,,,,,,,,,,,,1,,,,,,,,,,
5/3/2021,18:46,0.92,e,7,h1,0,0.9,,1,,1,,,,,,,,1,,,1,,,1,,,,,5,2,,,,,,,,,1,,,,,,,,,,,,,,,,,,1,2,,,,,,,,,,,,,,,,,,,,,,1,,,,1,
5/7/2021,8:09,0.15,m,7,w4,0,0.3,,,,3,,,,,,,,,,,1,,,,,1,,1,1,,1,,,1,,,,1,,,,,,,,,,,,,1,,,1,,,,2,,,,,,,,,,,,,,,,,,,,,,,,,,,
5/7/2021,8:20,0.16,m,7,w2,0,0.3,,1,,1,,,,,,,,,,,,,,1,1,1,,,1,,,,,,,,,2,,,,,,,,,1,,,,,,,,,,1,1,,,,,,,,,,,,,,,1,,,,,,,,,,,,
5/7/2021,8:27,0.17,m,7,w3,0,0.4,,,,3,,,,,,1,,1,,,1,,,,,1,1,,,,,,,,,,,,,,1,1,1,,,,1,,,,1,,,,,,1,,,,,,,,1,,,,,,,,,1,,,,,,,,,,,
5/7/2021,8:40,0.19,m,7,w7,0,0.5,,,,2,,,,,,,,1,,,1,,,,1,1,,,1,1,,,,,,,,,,,,,,,,,1,,,,,,,,,,1,2,,,,,,,,,,,,,,,,,,,,,,,,,,,
5/7/2021,8:51,0.2,m,7,w1,0,0.6,,,,1,,,,,,,,,,,,1,,,,1,1,,2,,,,,,,,,,,1,1,,,,,,,,,,,,,,,,,1,,,,,,,,,,,,,,,,,,,,,,,1,,,,
5/7/2021,9:15,0.23,m,7,w5,0,0.3,,,,3,,,,,,,,2,,,,,,,,1,4,,1,,,,,,,,,5,1,,2,,,,,,,,,,,,,,,,1,2,,1,,,,,,,,,,,1,,,,,,,,,,,,,,
5/7/2021,9:28,0.24,m,7,w6,0,0.3,,,,,,,,,,,1,,1,,,,,,,,3,,1,,1,,,,,,,1,,1,,,,,,,,,,,1,,,,,,,1,,1,,,,,,,,,,,,,,2,1,1,,,,,,,,,1
5/11/2021,14:30,0.61,a,8,w6,0,0.7,,,,1,,,,,,,,1,,,,,,,,,,,,,1,,,,,,,5,,,,,,,,,,,,,,,,,,,,1,,1,,,,,,,,,,,,2,,,,,,,,,,,,,
5/11/2021,14:39,0.62,a,8,w5,6,0.6,,1,,2,,,,,,,,2,,,,,,,,,1,,1,,1,,,,,,,2,,,,,,,,,,,,,,,,,,,,1,,1,,,,,,,,,,,,,,,,,,,,,,,,,
5/11/2021,14:55,0.64,a,8,w4,6,0.8,,,,3,,,,,,,,,,,,,,,,,,,,,,,,,,,,2,,,,,,,,,,,,,1,,,,,,,1,,,,,,,,,,,,,,,,,,,,,,,,,,,
5/11/2021,15:04,0.65,a,8,w2,6,0.7,,,,,,,,,1,,,1,,,,,,,,1,,,,,,,,,,,,2,,,,,,,,,,,,,1,,,,,,,,,,,,,,,,,,,,,,,,,,,,,,,,,,
5/11/2021,15:12,0.66,a,8,w3,0,0.7,,,,1,,,,,,1,,1,,,,,,1,,1,,,,,,,,,,,,,,,,,,,,,,,,,1,,,,,,,2,,,,,,,,,,,,,,,,1,,,,,,,,,,2,
5/11/2021,15:22,0.67,a,8,w7,0,0.8,,1,,1,,,,,,,,1,,,1,,,1,,,,,3,1,,,,,,,,,,1,,,,,,,2,,,,,,,,,,,1,,,,,,,,,,,,,,,,,,,,,,,,,,,
5/11/2021,15:33,0.68,a,8,w1,0,0.7,,,,1,,,,,,,,1,,,,,,1,,1,,1,1,,,,,,,,,,,,,,,,,,,,,,1,,,,,,,1,,,,,,,,,,,,,,,,,,,,,,,,,,,
5/13/2021,10:29,0.32,n,8,h1,0,0,,,,1,,,,,,1,,1,,,,,,1,,,,,1,5,,,,,1,,,,1,,,,,,,,,,,,,,,,,,1,2,,,,1,,,,,,,,,,,,,1,,,,,,,,,,
5/13/2021,10:42,0.34,n,8,h2,0,0,,1,,,,,,,1,,,1,,,,,,,,,,1,2,,,,,,,,1,1,,,,,,,,,,,,,,,,,,,,1,,1,,,,,,,,,,,,,,,,,,,,,,,,,
5/13/2021,10:58,0.35,n,8,h3,0,0,,1,,,,1,,,,,,,,,,,,,,1,,,,,,,,,,,,1,,,,,,,,,,,,2,1,,,,,,,1,,,,,,2,,,,,,,,,,,2,,,,,1,,,,,
5/13/2021,11:14,0.37,n,8,h4,0,0,,1,,1,,,,,,,,,,,,,,1,,1,,,1,,,,,,,,,1,,,,,,,,,,,,2,1,,,,,,1,1,,,,,,,,,,,,,,,,,,,,,,,,,,,
5/13/2021,11:22,0.38,n,8,h8,0,0,,,,,,,,,,,,,,,,,,,,,,1,1,,,,,,,,,,,,,,,,,,,,,,,,,,,,1,2,,,,,,,,,,,,,,,,,,,,,,,,,,,
5/13/2021,11:28,0.39,n,8,h7,6,0,,1,,,,,,,,,,1,,,,,,,,,,,1,,,,,,,,,,,,,,,,,,,,,,,,,,,,,1,,,,,,,,,,,,,,,,,,,,,,,,,,,
5/13/2021,11:38,0.4,n,8,h6,0,0,,,,,,,,,,,,,,,1,,,1,,,,,,,,,,,,,,,,1,,,,,,,,,,,,,,,,,,1,,,,,,,,,,,,,,,,,,,,,,,,,,,
5/13/2021,11:47,0.41,n,8,h5,0,0,,1,,,,,,,,,,,,,,,,,,,,,,,,,,,,,,,,,1,,,,,,,,,1,,,,,,,,,,,,,,,,,,,,,,,,,1,,,,,,,,,,
5/13/2021,17:30,0.82,e,8,w6,0,0,,,,1,,,,,,,,,,,,,,,,,,,1,1,,,,1,,,,2,,,,,,,,,,,,,,,,,,,1,1,,,,,,,,,,,,,,2,,1,,,,,,,,,,,
5/13/2021,17:39,0.83,e,8,w5,0,0,,1,,2,,,,,,,,,,,,,,,,,,,1,1,,,,,,,,3,,,,,,,,,2,,,,,,,,,,1,1,,1,,,,,,,,,,,,,,,,,,,,,,,,,
5/13/2021,17:52,0.84,e,8,w4,6,0,,,,2,,,,,,,,1,,,,,,,,1,,,,,,,,,,,,,,,,,,,,,,,,,,,,,,,,1,,,,,,,,,,,,,,,,,,,,,,,,,,,
5/13/2021,18:00,0.85,e,8,w1,0,0,,,,2,,,,,,,,,,,,,,1,,,,,1,,,,,,,,,,,,1,,,,,,,,,,,,,,,,,1,,,,,,,,,,,,,,,,,,,,,,,,,,,
5/13/2021,18:10,0.87,e,8,w7,0,0,,,,3,,,,,,,,,,,1,,,,,1,,,1,,,,,1,,,1,3,,,,,,,,,,,,,,,,,,,,2,,,,,,,,,,,,,,,,,,,,,,,,,,,
5/13/2021,18:20,0.88,e,8,w3,0,0,,1,2,1,,,,,,,,1,,,1,,,,,,,,,,,,,,,,,,,,1,,,,,,1,,,,1,1,,,,,,2,,,,,,,,,,,,,,,,1,,,,1,,1,,,,,
5/13/2021,18:27,0.89,e,8,w2,0,0,,1,,2,,,,,,1,,,,,,,,,,,,,,,,,,,,,,1,,,,,,,,,1,,,,,,,,,,1,2,,,,,,,,,,,,,,,1,,,,,,,,,,,,
5/14/2021,13:16,0.52,a,8,w6,0,0.1,,1,,2,,,,,,,,1,,,,,,,,,,,1,1,1,,,,,,,2,,,,,,,,,,,,,1,,,,,,,1,,,,,,,,,,,,,,1,,1,,,,,,,,,,,
5/14/2021,13:25,0.53,a,8,w5,0,0.1,,,,1,,,,,,,,,,,1,,,,,,3,,,2,,,,,,1,,2,,,,,,,,,1,,,,,,,,,,1,1,,1,,,,,,,,,,,,,,,,,,,,,,,,,
5/14/2021,13:51,0.56,a,8,w1,0,0.1,,,,,,,,,,,,,,,,,,,,1,,,,,,,,,,,,,,1,,,,,,,,,,,,,,,,,,1,,,,,,,,,,,,,,,,,,,,,,,,,,,
5/14/2021,14:05,0.57,a,8,w7,0,0.1,,,,2,,,,,,,,1,,,,,,,,,,,1,2,,,,,,,,,,1,,,,,,,1,,,,,,,,,,,2,,,,,,,,,,,,,,,,,,,,,,,,,,,
5/14/2021,14:15,0.59,a,8,w3,0,0.1,,,,,,,,,,,,,,,,,,,,,,,,,,,,,,,,1,,,,1,,,,,1,,,,,,,,,1,1,1,,,,,,,,,,,,,,,,1,,,,,,,,,,,
5/14/2021,14:23,0.6,a,8,w2,0,0,,,,1,,,,,,,,1,,,,,,1,,,,,,,,,,,,,,,,,,,,,,,,,,,,,,,,,1,,,,,,,,,,,,,,,,,,,,,,,,,,,,
5/14/2021,14:30,0.6,a,8,w4,0,0.1,,,,2,,,,,,,,,,,,,,,,,,,,,,,,,,,,1,,,,,,,,,,,,,,,,,,,,,,,,,,,,,,,,,,,,,,,,,,,,,,,
5/16/2021,7:22,0.1,m,8,h8,0,0,,1,,,,,,,1,,,1,,,,,,,,,,,,,,,,,,,,,,1,,,,,,,1,,,,,,,,,,,1,,,,,,,,,,,,,,,,,1,,1,,,,,,,,
5/16/2021,7:30,0.11,m,8,h7,0,0,,1,,,,,,,,,,1,,,,,,,,,,,1,,,,,,,,,,,,,,,,,,,,,,,,,,,,,1,,,,,1,,,,,,,,,,,,,,,,,,,,,,
5/16/2021,7:40,0.12,m,8,h6,0,0,,,,,,,,,,,,1,,,,,,1,,,,,,,,,,,,,,,,1,,,,,,,,,,1,1,,,,,,,2,,,,,,,,,,,,,,,,,,,1,,,,,,,,
5/16/2021,7:49,0.13,m,8,h5,0,0,,,,,,1,,,,,,1,,,1,,,1,,,,,2,,,,,,,,,1,,,1,,,,,,1,,,,,,,,,,1,2,,,,,,,,,,,,,,,,,,,,,,,,,,,
5/16/2021,7:57,0.14,m,8,h4,0,0.1,,1,,1,,,,,,1,,,,,1,,,,,1,,3,,,,,,,,,1,1,,,,,,,,,,,,,1,,,,,,,2,,,,,,,,,,,,,,,,,,,,,,,,,,,
5/16/2021,8:14,0.16,m,8,h3,0,0.2,,1,,1,,,,,,,,,,,,,,,,,,,1,,,,,,,,,1,,,,,,,,,,,,3,1,,,,,,1,1,,,,,,,,,,,,,,,,2,2,,,,,,,,,,
5/16/2021,8:31,0.18,m,8,h2,0,0.4,,1,,1,,,,,,1,,,,,1,,,,,,,,,,,,,,,,1,2,1,,,,,,,,,,,,1,,,,,,,1,,1,,,,,,,,,,,,,,,,,,,,,,,,,
5/16/2021,8:42,0.2,m,8,h1,0,0.5,,2,,1,,,,,,1,,,,,,,,1,,,,,,4,,,,,,,,,1,,,,,,,,,,,,,,,,,,1,,,,,,,,,,,,1,,,,,,1,,,,,,,,,1,
5/18/2021,18:06,0.86,e,8,h5,0,0.1,,1,,,,,,,,,,1,,,,,,,,,,,,,,,,,,,,,,1,,,,,,,,,,,,,,,,,,,,,,,,,,,,,,,,,,,,,,,,,,,,,
5/18/2021,18:16,0.87,e,8,h6,0,0.1,,,,,,,,,,,,,1,,1,,,,,,,,,,,,,,,,,,,,,,,,,,,,,,,,,,,,,,,,,,,,,,,,,,,,,,,,,,,,,,,,
5/18/2021,18:24,0.88,e,8,h7,6,0.1,,1,,,,,,,,,,1,,,1,,,,,,,,2,,,,,,,,,,,,,,,,,,,,,,,,,1,,,,3,,,,,,,,,,,,,,,,,,,1,,,,,,,,
5/18/2021,18:31,0.89,e,8,h8,0,0.1,,1,,,,,,,,,,1,,,,,,,,2,,,2,,,,,,,,,,,,,,,,,,1,,,,1,,,,,,,2,,,,,,,,,,,,,,,,,,,,,,,,,,,
5/18/2021,18:37,0.89,e,8,h4,0,0,,1,1,1,,,,,,,,,1,,,,,,,,,,2,,,,,,,,1,2,,,,,,,,,,,,3,1,,,,,,1,2,,,,,,,,,,,,,,,,,,,,,,,,,,,
5/18/2021,19:19,0.94,e,8,h1,0,0.1,,,,1,,,,,,1,,,,,,,,1,,,,,2,3,,,,,,,1,,1,,,,,,,,,,,,,,,1,,,1,2,,,,,,,,,,,,,,,,,,,,,,,,,,,
5/18/2021,18:52,0.91,e,8,h3,0,0.1,,,,,,,,,1,,,,,,,,,2,,1,,,2,,,,,,,,,3,,,,,,,,,,,,3,,,,,,,,,,,,,,1,,,,,,,,,,1,1,,,,,,,,,1,
5/18/2021,19:09,0.93,e,8,h2,0,0.1,,,,1,,,,,,,,,,,1,,,1,,,3,,2,1,,,,,,,1,2,1,,,,,,,,,,,,,,,,,,,1,,,,1,,,,,,,,,,,,,,,,,,,,,,,
5/20/2021,8:10,0.16,m,8,w4,0,0.1,,,,2,,,,,,,,1,,,,,,,,1,,,1,,,,,,,,,1,,,,,,,,,,,,,,,,,,,1,2,,,,,,,,,,,,,,,,1,1,,,,,,,,,,
5/20/2021,8:18,0.17,m,8,w1,0,0.1,,,,2,,,,,,,,,,,1,,,1,,1,,,,,,,,,,,,,,1,,,,,,,,,,,1,,,,,,1,2,,,,,,,,,,,,,,,,,,,,,,,,,,,
5/20/2021,8:29,0.18,m,8,w7,0,0.1,,1,,2,,,,,,,,1,,,,,,,,1,,,2,,,,,,,,,,,,,,,,,,,,,,2,,,,,,1,1,,,,,,,,,,,,,,,,,,,,,,,,,,,
5/20/2021,8:38,0.19,m,8,w3,0,0.1,,1,,2,,,,,,,1,1,,,,,,,,1,,,,,,,,,,,,5,,,,,,,,,,,,,,,,,,,1,1,,,,,,,,,,,,,,,,1,,,,,,,,,,,
5/20/2021,8:46,0.2,m,8,w2,0,0.1,,,,1,,1,,,1,,,1,,,,,,,,1,,,,,,,,,,,,2,,,,,,,,,,,,,,,,,,,,1,,,,,,,,,,,,,,,1,,,,,,,,,,,,
5/20/2021,9:04,0.22,m,8,w5,0,0.1,,,,2,,,,,,,,,,,,,,,,,,,1,2,,,,,,,,3,,,,,,,,,1,,,,,,1,,,,1,1,,,,,,,,,,,,,,,,,,,,,,,,,,,
5/20/2021,9:13,0.23,m,8,w6,0,0.1,,1,,1,,,,,,,,1,,,,,,,1,,,,1,,,,,,,,,3,,,,,,,,,,,,,,,,1,,,,1,,1,,,,,,,,,,,,,,2,1,,,,,,,,,,
5/22/2021,15:09,0.65,a,9,h5,5,0.5,,1,,,,,,,1,,,1,,,,,,,,,,,,,,,,,,,,2,,,,,,,,,1,,,,,,,,,,,,,2,,,,,,,,,,,,,,,1,,,,,,,,,,
5/22/2021,15:17,0.66,a,9,h6,5,0.5,,,,,,,,,,,,,,,,,,,,,,,,,,,,,,,,,,,,,,,,,,,,,,,,,,,,1,,,,,,,,,,,,,,,,,,,,,,,,,,,
5/22/2021,15:28,0.67,a,9,h7,6,0.5,,1,,1,,,,,,,1,,,,,,,,,,,,2,,,,,,,,1,,,,,,,,,,,,,,,,,,,,,2,,,,,,,,,,,,,,,,,,,,,,,,,,,
5/22/2021,15:36,0.68,a,9,h8,5,0.5,,,,,,,,,,,,,,,,,,1,,,,,2,,,,,,,,1,,1,1,,,,,,,1,,,,,,,,,,,4,,,,,,,,,,,,,,,,,,,,,,,,,,,
5/22/2021,15:43,0.69,a,9,h4,5,0.5,,,1,1,,,,,,,,,,,,,,,,,,,2,,,,,,,,,2,,1,,,,,,,,,,3,1,,,,,,,1,,,,,,,,,,,,,,,,,,,,,,,,,,,
5/22/2021,16:00,0.71,a,9,h3,5,0.4,,1,,,,,,,1,,,,,,1,,,,,1,,,1,,,,,,,,,1,,,,,,,,,,,,2,1,,,,,,,2,,1,,,,,,,,,,,,,,1,1,,,,,,,,,,
5/22/2021,16:19,0.73,a,9,h2,5,0.3,,1,,1,,,,,,,,,,,,,,,,1,,,2,,,,,,,,1,1,,,,,,,,,,,,,,,,,,,1,,,1,,,,,,,,,,,,,,,,,,,,,,,,,
5/22/2021,16:30,0.74,a,9,h1,5,0.3,,,,1,,,,,,1,,1,,,1,,,1,,,,,1,3,,,,,,,,,2,,,,,,,,1,,,,,,,,,,1,1,,,,1,,,,,,,,,,,,,1,,,,1,,,,,1,
5/24/2021,18:34,0.89,e,9,w6,0,0.3,,,,,,1,,,,,,,,,,,,,1,,,,,,,,,,,,,7,,,,,,,,,,,,,,,,,,,1,1,,1,,,,,,,,,,,,,,2,,,,,,,,,,,
5/24/2021,18:43,0.9,e,9,w5,1,0.3,,1,,2,,,,,,,,1,,,,,,,,,,,,,,,,,,,,2,,,,,,,,,,,,,,,,,,,,1,,,,,,,,,,,,,,,,,,,,,,,,,,,
5/24/2021,18:58,0.91,e,9,w4,1,0.5,,,,3,,,,,,,,1,,,,,,1,,,,,,,,,,,,,,,,,,,,,,,,,,,,,,,,,1,1,,,,,,,,,,,,,,,,,,,,,,,,,,,
5/24/2021,19:06,0.92,e,9,w1,1,0.8,,1,,3,,,,,,,,1,,,,,,1,,,,,1,,,,,,,,,,,1,,,,,,,,,,,,,,,,,1,2,,,,,,,,,,,,,,,,,,,,,,,,,,,
5/24/2021,19:18,0.94,e,9,w7,0,0.9,,,,4,,,,,,,,,,,,,,1,,1,,,2,,,,,,,,,,,1,1,,,,,,,,,,,,,,,,1,1,,,,,,,,,,,,,,,,,,,,,,,,,,,
5/24/2021,19:27,0.95,e,9,w3,0,1,,,,1,,,,,,1,,,,,,,,,,,,,2,3,,,,,,,,14,,,,,,,,,,,,,,,,1,,,,2,,,,,,,,,,,,,,,,2,,,,,,,,,,,
5/24/2021,19:34,0.95,e,9,w2,1,1,,1,,,,,,,,,,1,,,,,,,,1,,,1,1,,,,,,,,2,,,,,,,,,,,,,,,,,,,1,1,,,,,,,,,,,,,,,,,,,,,,,,,,,
5/26/2021,10:12,0.3,n,9,h4,5,0,,1,1,1,,,,,,,,,,,,,,1,,1,,,1,,,,,,,,1,1,1,1,,,,,,,,,,2,1,,,,,,1,1,,,,,,,,,,,,,,,,,,,,,,,,,,,
5/26/2021,10:29,0.32,n,9,h3,5,0,,1,,,,,,,,,1,,,,,,,1,,1,,,3,,,,,,,,,,1,,,,,,,,,,,2,1,,,1,,,,2,,,,,,1,,,,,,,,,,,1,,,,,,,,,1,
5/26/2021,10:46,0.34,n,9,h2,5,0,,2,,,,,,,,,,1,,,1,,,,,,,,1,2,,,,1,,,1,2,,,,,,,,,1,,,,,,,,,,1,2,,1,,,,,,,,,,,,,,,,,,,,,,,,,
5/26/2021,10:59,0.36,n,9,h1,5,0,,,,,,,,,,2,,,,,,,,1,,,,,,3,,,,,,,,,2,,,,,,,,1,,,,,,,,,,,,,,1,,,,,,,,1,,,,,,,,,,,1,,,,,
5/26/2021,11:35,0.4,n,9,h8,5,0.3,,1,,,,,,,,,,,,,,,,,,1,,1,2,,,,,,,,1,,,,,,,,,,,,,,,,,,,,,1,,,,,,,,,,,,,,,,,,,,,,,,,,,
5/26/2021,11:45,0.41,n,9,h7,5,0.3,,1,,,,,,,,,,1,,,,,,,,,,,1,,,,,,,,,,,,,,,,,,,,,,,,,,,,,1,,,,,,,,,,,,,,,,,,,,,,,,,,,
5/26/2021,11:51,0.42,n,9,h6,5,0.4,,,,,,,,,,,,1,,,1,,,,,,,,,,,,,,,,,,,,,,,,,,,,,,,,,,,,,1,,,,,,,,,,,,,,,,,,,,,,,,,,,
5/26/2021,12:07,0.44,n,9,h8,5,0.4,,1,,1,,,,,1,,,,,,1,,,1,,,,,,,,,,,,,,,,,,,,,,,,,,,,,,,,,,1,,,,,,,,,,,,,,,,,1,,,,,,,,,,
5/28/2021,18:23,0.87,e,9,w6,15,0,,,,2,,,,,,,,,,,,,,,1,,,,2,,,,,,,,,5,,,,,,,,,,,,,,,,,,,,1,,,,,,,,,,,,,,1,,1,,,,,,,,,,,
5/28/2021,18:33,0.88,e,9,w5,15,0,,1,,,,,,,,,,,,,,,,,,,,,1,,,,,,,,,2,,,,,,,,,1,,,,,,,,,,,1,,,,,,,,,,,,,,,,,,,,,,,,,,,
5/28/2021,18:47,0.9,e,9,w4,15,0.1,,1,,2,,,,,,,,1,,,,,,,,,,,,,,,,,,,,,,2,,,,,,,,,,,,,,,,,1,1,,,,,,,,,,,,,,,,,,,,,,,,,,,
5/28/2021,18:56,0.91,e,9,w1,1,0.2,,,,,,,,,,,,1,,,,,,,,1,,,1,,,,,,,,,,,,,,,,,,,,,,,,,,,,,2,,,,,,,,,,,,,,,,,,,,,,,,,,,
5/28/2021,19:14,0.93,e,9,w7,1,0.3,,1,,2,,,,,,,,,,,,,,,,1,,,2,1,,,,,,,,,,1,,,,,,,,,,,,,,,,,1,1,,,,,,,,,,,,,,,,,,,,,,,,,,,
5/28/2021,19:24,0.94,e,9,w3,0,0.4,,1,,3,,1,,,,1,,,,,,,,,,,,,,2,,,,,,,,37,,,,,,,,,1,,,,,,,,,,2,2,,,,,,,,,,,,,,,,1,,,,,,,,,,,
5/28/2021,19:32,0.95,e,9,w2,1,0.5,,1,,1,,,,,,,,,,,,,,,,,,,2,,,,,,,,,3,,,,,,,,,1,,,,,,,,,,,2,,1,,,,,,,,,,,,,1,,,,,,,,,,,,
5/30/2021,18:21,0.87,e,9,h5,0,1,,2,,1,,,,,,,,,,,,,,,,,,,,,,,,,,,,,,,,,,,,,,,,,,,,,,,,,,,,,,,,,,,,,,,,,,,,,,,,,,,
5/30/2021,18:30,0.88,e,9,h6,0,1,,1,,1,,,,,,,,,,,,,,,,,,,,,,,,,,,,,,,,,,,,,,,,,,,,,,,,,,,,,,,,,,,,,,,,,,,,,,,,,,,
5/30/2021,18:39,0.89,e,9,h7,0,1,,1,,,,1,,,,,,,,,,,,1,,,,,,,,,,,,,,,,,,,,,,,,,,,,,,,,,,2,,,,,,,,,,,,,,,,,,,,,,,,,,2,
5/30/2021,18:47,0.9,e,9,h8,0,1,,,,,,,,,,,,1,,,,,,1,,,,,,,,,,,,,1,,1,,1,,,,,,,,,,1,,,,,,,2,,,,,,,,,,,,,,,,,,,,,,,,,,,
5/30/2021,18:53,0.9,e,9,h4,0,1,,,,2,,,,,,,,1,,,,,,1,,,,,,,,,,,,,,,,1,,,,,,,,,,1,1,,,,,,1,2,,,,,,,,,,,,,,,,,,,,,,,,,,,
5/30/2021,19:08,0.92,e,9,h3,0,1,,1,,,,,,,,,,,,,,,,1,,1,,,,,,,,,,,1,1,,,,,,,,,,,,2,,,,2,,,,2,,1,1,,,1,,,,,,,,,,,1,,,,,,,,,,
5/30/2021,19:30,0.95,e,9,h2,0,1,,,,1,,,,,,1,,,,,1,,,,,,,,1,1,,,,,,,1,,,1,,,,,,,1,,,,,,,,,,,2,,1,,,,,,,,,,,,,,,,,,,,,,,,,
5/30/2021,19:42,0.96,e,9,h1,0,1,,1,,,,,,,,,,1,,,1,,,,1,,,,,3,,,,,,,1,,2,1,,,,,,,,,,,,,,3,,,,,,,,,,,,,,,,,,,,,1,,,,,,,,,,
6/1/2021,7:12,0.1,m,10,h4,0,0.1,,1,,,,,,,,,,,,,,,,1,,2,,,2,,,,,,,,,,1,,,,,,,,,,,2,1,,,,,,1,3,,,,,,,,,,,,,,,,,,,,,,,,,,,
6/1/2021,7:21,0.11,m,10,h3,0,0.1,,1,,,,,,,1,,,1,,,,,,1,,,,,,,,,,,,,,1,,1,,1,,,,,,,,,,,,1,,,1,2,,,1,,,,,,,,,,,,,,2,,,,,,,,,,
6/1/2021,7:31,0.12,m,10,h2,0,0.1,,,,1,,,,,,,,,,,1,,,1,,,,,1,2,,,,,,,1,1,,,,,,,,,,,,,,,,,,,,1,,,,,,,,,,,,,,,,,,,,,,,,,,,
6/1/2021,7:41,0.13,m,10,h1,0,0.1,,2,,1,,,,,1,1,,,,,1,,,,,1,,1,1,,,,,,1,,2,,1,,,,,,,,,,,,1,,,,,,,2,,,,,,,,,,,,,,,,,,,,,,,,,,,
6/1/2021,8:26,0.18,m,10,h8,0,0.1,,,,2,,,,,1,,,,,,1,,,1,,,,,,,,,,,,,1,,,,,,,,,,,,,,1,,,1,,,,2,,,,,,,,,,,,,,,,,,,,,,,,,,,
6/1/2021,8:33,0.19,m,10,h7,6,0.1,,1,,,,,,,,,,,,,,,,1,,,,,,,,,,,,,,,,1,,,,,,,,,,1,,,,,,,,1,,,,,,,,,,,,,,,,,,,,,,,,,,,
6/1/2021,8:39,0.2,m,10,h6,0,0.1,,1,,,,,,,,,,1,,,,,,1,,,,,,,,,,,,,,,,,,,,,,,,,,,,,,,,,,1,,,,,,,,,,,,,,,,,,,,,,,,,,,
6/1/2021,8:47,0.21,m,10,h5,0,0.1,,1,1,1,,,,,,,,1,,,,,,,,,,,,,,,,,,,,,,,,,,,,,,,,,,,,,,,,,,,,,,,,,,,,,,,,,,,,,,,,,,,
6/3/2021,11:26,0.39,n,10,w4,6,1,,1,,,,2,,,,,,1,,,,,,,,1,,,1,,,,,,,,,,,,,,,,,,,,,,,,,,,,,1,,,,,,,,,,,,,,,,,,,,,,,,,,,
6/3/2021,11:35,0.4,n,10,w1,0,1,,1,,2,,,,,,,,1,,,,,,1,,1,,,1,,,,,,,,,,,,,,,,,,,,,,,,,,,,,2,,,,,,,,,,,,,,,,,,,,,,,,,,,
6/3/2021,11:43,0.41,n,10,w7,0,1,,2,,4,,,,,,,,1,,,,,,1,,2,,,2,1,,,,,,,,2,,,,,,,,,,,,,,,,,,,,1,,1,,,,,,,,,,,,,,,,,,,,,,,,,
6/3/2021,11:51,0.42,n,10,w3,0,1,,1,2,1,,,,,,,,1,,,,,,,,,,,,,,,,,,,,1,,,,1,,,,,1,,,,,,,,,,1,3,,,,,,,,,,,,,,,,1,,,,,,,,,,1,
6/3/2021,11:58,0.43,n,10,w2,0,1,,,1,1,,,,,,,,1,,,,,,1,,1,,,,1,,,,,,,,10,,,,,,,,,1,,,,,,,,,,,2,,,,,,,,,,,,,,,,,,,,,,,,,,,
6/3/2021,12:09,0.44,n,10,w5,0,1,,1,,2,,1,,,,,,,,,,,,,,1,,,2,,,,,,,,,4,,1,,,,,,,,,,,,,,,,,,1,,1,,,,,,,,,,,,,,,1,,,,,,,,,,
6/3/2021,12:17,0.45,n,10,w6,0,1,,1,1,2,,,,,,,,1,,,,,,,,,,,1,1,,,,,,,,,1,,,,,,,,1,,,,,,,,,,1,1,,1,,,,,,,,,,,,,,1,1,,,,,1,,,,,
6/5/2021,6:59,0.08,m,10,w6,0,0.2,,,,2,,,,,,,,1,,,,,,1,,,,,3,2,,,,,,,,1,,,1,,,,,,,,,,,,,,,,,1,,1,,,,,,,,,,,,,,1,1,,,,,,,,,,
6/5/2021,7:07,0.09,m,10,w5,0,0.2,,,1,1,,,,,,,,,,,,,,1,,1,,,2,,,,,,,,,6,,1,,,,,,,,,,,,,,,,,,2,,1,,,,,,,,,,,,,,,,,,,,,,,,,
6/5/2021,7:19,0.11,m,10,w2,0,0.1,,1,,1,,,,,1,1,,,,,,,,,,1,,,1,,,,,,1,,,3,,,,,,,,,,,,,,,,,,,1,1,,,,1,,,,,,,,,,,1,,,,,,,,,,,,
6/5/2021,7:26,0.11,m,10,w3,0,0.2,,,,,,,,,,1,,1,,,,,,1,,,,,1,1,,,,,,,,,,,,,,,1,,1,,,,,,,,,,1,2,,,1,,,,,,,,,,,,,1,,,,,,,,,,,
6/5/2021,7:35,0.12,m,10,w7,0,0.2,,1,,3,,,,,,,,1,,,,,,2,,1,,,1,,,,,1,,,1,,,,,,,,,,2,,,,,,,,,,,1,,,,,,,,,,,,,,,,,,,,,,,,,,,
6/5/2021,7:44,0.13,m,10,w1,0,0.2,,1,,2,,,,,,,,1,,,,,,1,,,,,1,,,,,,,,,,,1,,,,,,,1,,,,,,,,,,,1,,,,,,,,,,,,,,,,,,,,,,,,,,,
6/5/2021,7:51,0.14,m,10,w4,0,0.2,,1,,4,,,,,1,,,1,,,,,,,,,,,1,,,,,,,,,,,,,,,,,,,,,,,,,,,,,1,,,,,,,,,,,,,,,,,,,,,,,,,,,
6/7/2021,11:23,0.39,n,10,w6,0,0.4,,,,,,,,,,,,,,,1,,,,,,,,2,2,,,,,,,,3,,,,,,,,,,,,,,,,,,,,1,,1,,,,,,,,,,,,,,1,,,,,,,,,,,
6/7/2021,11:31,0.39,n,10,w5,0,0.4,,,,2,,2,,,,,,,,,,,,1,,1,,,1,,,,,,,,,1,,,,,,,,,1,,,,,,,,,,,1,,,,,,,,,,,,,,,,,,,,,,1,,,,,
6/7/2021,11:41,0.41,n,10,w4,0,0.3,,1,,2,,,,,,,,1,,,,,,,,1,,,1,,,,,,,,,,,1,,,,,,,,,,1,,,,,,,,1,,1,,,,,,,,,,,,,,,,,,,,,,,,,
6/7/2021,11:47,0.41,n,10,w2,0,0.3,,,,,,,,,,,,,,,,,,2,,1,,,1,,,,,,,,,1,,,,,,,,,1,,,,,,,,,,1,1,,,,1,,,,,,,,,,,,,,,,,,,,,,,
6/7/2021,11:52,0.42,n,10,w3,0,0.3,,2,,,,,,,,,,,,,,,,,,,,,1,,,,,,,,,2,,,,1,,,,,,,,,,,,,,,,2,,,,,,,,,,,,,,,,1,,,,,,,,,,1,
6/7/2021,11:59,0.43,n,10,w7,0,0.3,,1,,2,,,,,,,,1,,,,,,,,1,,,1,,,,,,,,,,,1,1,,,,,,1,,,,,,,,,,,1,,,,,,,,,,,,,,,1,,,,,,,,,,,,
6/7/2021,12:07,0.44,n,10,w1,6,0.3,,,,,,,,,,,,,,,,,,,,,,,2,,,,,,,,,,,1,,1,,,,,,,,,,,,,,,1,2,,,,,,,,,,,,,,,,,,,,,,,,,,,
6/7/2021,13:02,0.5,a,10,h1,0,0.2,,,,1,,,,,,,,,,,1,,,1,,1,,,,3,,,,,,,,,1,1,,,,,,,1,,,,,,,,,,1,2,,,,1,,,,,,,,,,,,1,1,,,,,,,,,,
6/7/2021,13:11,0.51,a,10,h2,0,0.3,,1,1,,,,,,,1,,1,,,1,,,1,,,,,,,,,,,,,1,3,,,,,,,,,,,,,,,,,,,,1,,,,,,,,,,,,,,,,,,,,,,,,,,,
6/7/2021,13:21,0.52,a,10,h3,6,0.4,,,,1,,,,,,,,,,,,,,1,,,,,1,,,,,,,,,,,,,,,,,,,,,2,,,,,,,,2,,1,,,,,,,,,,,,,,,1,,,,,1,,,,,
6/7/2021,13:30,0.53,a,10,h4,0,0.4,,1,1,2,,,,,,,,1,,,,,,1,,1,,,2,1,,,,,,,,,,,,,,,,,,,,,1,,,,,,,1,,,,,,,,,,,,,,,,,,,,,,,,,,,
6/7/2021,13:36,0.54,a,10,h8,5,0.4,,1,1,1,,,,,1,,,1,,,,,,,,,,,,,,,,,,,1,,,,,,,,,,,,,,2,,,,,,1,1,,,,,,,,,,,,,,,,,,,,,,,,,,,
6/7/2021,13:42,0.54,a,10,h7,5,0.5,,1,,2,,,,,,,,,,,,,,,,,,,1,,,,,,,,,,,,,,,,,,,,,,,,,,,,,1,,,,,,,,,,,,,,,,,,,,,,,,,,,
6/7/2021,13:49,0.55,a,10,h6,5,0.5,,1,,,,,,,,,,,,,,,,1,,,,,,,,,,,,,,,,1,,,,,,,,,,,,,,,,,,,,,,,,,,,,,,,,,,,,,,,,,,,,,
6/7/2021,13:56,0.56,a,10,h5,5,0.5,,1,1,1,,,,,,,,,,,,,,1,,,,,,,,,,,,,,,,,,,,,,,,,,,,,,,,,,1,,,,,,,,,,,,,,,,,1,,,,,,,,,,
6/9/2021,11:41,0.41,n,10,h1,5,0.4,,,,,,,,,,1,,,,,,,,1,,,,,2,1,,,,,,,1,,1,,,,,,,,1,,,,1,,,,,,,1,,,,,,,,,,,,,,,,,1,,,,,,,,,,
6/9/2021,11:49,0.41,n,10,h2,5,0.5,,,,1,,,,,,1,,1,,,1,,,1,,1,,,1,2,,,,,,,1,1,,1,,,,,,,,,,,,,,,,,,,,,,,,,,,,,,,,,,,,,,,,,,,,,
6/9/2021,12:00,0.43,n,10,h3,5,0.6,,2,,,,1,,,,,,1,,,,,,,,,,,,,,,,1,,,,1,,,,,,,,,,,,2,1,,,1,,,,1,,,,,,1,,,,,,,,,,,2,,,,,,,,,,
6/9/2021,12:10,0.44,n,10,h4,0,0.7,,1,,,,,,,,,,,,,,,,1,,,,,1,,,,,,,,,,,,,,,,,,,,,2,1,,,,,,,1,,,,,,,,,,,,,,,,,,,,,,,,,,,
6/9/2021,12:17,0.45,n,10,h8,0,0.8,,,1,1,,,,,1,,,,,,,,,,,,,,,,,,,,,,1,,,,,,,,,,,,,,1,,,,,,,2,,1,,,,,,,,,,,,,,,,,,,,,,,,,
6/9/2021,12:25,0.46,n,10,h7,0,0.9,,1,1,,,,,,,,,,,,,,,,,,,,1,,,,,,,,,,,,,,,,,,,,,,,,,,,,,1,,,,,,,,,,,,,,,,,,,,,,,,,,,
6/9/2021,12:33,0.46,n,10,h6,0,0.9,,1,,,,,,,,,,,,,,,,,,,,,,,,,,,,,,,,,,,,,,,,,,,,,,,,,,1,,,,,,,,,,,,,,,,,,,,,,,,,,,
6/9/2021,12:39,0.47,n,10,h5,0,0.9,,1,,,,,,,,,,,,,,,,1,,,,,,,,,,,,,,,,1,,,,,,,,,,,,,,,,,,1,,,,,,,,,,,,,,,,,1,,,,,,,,,,
6/11/2021,13:56,0.56,a,11,w6,0,1,,,,2,,,,,,,,,,,,,,1,,1,,,2,1,,,,,,,,2,,,,,,,,,,,,,,,,,,,,1,,1,,,,,,,,,,,,,,1,,,,,,,,,,,
6/11/2021,14:06,0.57,a,11,w5,0,1,,,,1,,2,,,,,,,,,,,,,,,,,1,1,,,,,,,,12,,,1,,,,,,2,,,,1,,,,,,1,3,,,,,,,,,,,,,,,,,1,,,,,,,,,,
6/11/2021,14:14,0.58,a,11,w4,0,1,,,,2,,1,,,,,,,,,,,,1,,2,,,2,,,,,,,,,,,,,,,,,,,,,,,,,,,,1,1,,,,1,,,,,,,,,,,,,,,,,,,,,,,
6/11/2021,14:21,0.59,a,11,w2,6,1,,,,1,,1,,,,,,,,,,,,1,,,,,,,,,,,,,,2,,,,,,,,,,,,,,,,,,,,1,,,,,,,,,,,,,,,,,,,,,,,,,,,
6/11/2021,14:28,0.59,a,11,w3,0,1,,,,1,,,,,,,,2,,,,,,,,1,,,,,,,,,,,,,,,,1,,,,,,,,,,,,,,,,3,,,,,,,,,,,,,,,,1,,,,,,,,,,1,
6/11/2021,14:38,0.61,a,11,w7,0,1,,,,2,,,,,,,,,,,1,,,1,,1,,,1,,,,,,,,,,,,,,,,,,,,,,1,,,,,,,1,,,,,,,,,,,,,,,,,,,,,,,,,,,
6/11/2021,14:45,0.61,a,11,w1,0,1,,,,2,,,,,,,,,,,1,,,,,1,,,,,,,,,,,1,,,,1,,,,,,,,,,,,,,,,,2,,,,,,,,,,,,,,,,,,,,,,,,,,,
6/13/2021,18:03,0.84,e,11,h1,0,0.2,,1,,2,,,,,,1,,,,,,,,,1,,,,2,1,,,,,,,1,,1,1,,1,,,,,1,,,,,,,1,,,1,1,,,,1,,,,,,,,,,,,,1,,,,,,,,,,
6/13/2021,18:11,0.85,e,11,h2,0,0.2,,1,,,,,,,1,1,,,,,1,,,1,,,,,2,,,,,,,,1,1,,,,,,,,,,,,,1,,,,,,,1,,1,,,,,,,,,,,,,,,,,,,,,,,,,
6/13/2021,18:22,0.86,e,11,h3,0,0.2,,,,,,,,,,,,,,,,,,,,1,,,,,,,,,,,,,,,,,,,,,,,,1,1,,,,,,,1,,1,,,,,,,,,,,,,,,,,,,,,,,,1,
6/13/2021,18:33,0.87,e,11,h4,0,0.2,,,,,,,,,,,,,,,,,,1,,1,,,2,,,,,,,,1,1,1,,,,,,,,,,,2,,,,,,,,1,,,,,,,,,,,,,,,,,,,,,,,,,,,
6/13/2021,18:41,0.88,e,11,h8,0,0.2,,1,,2,,,,,,,,1,,,,,,1,,,,,2,,,,,,,,1,,,,,,,,,,1,,,,1,,,,,,,1,,,,,,,,,,,,,,,,,,,,,,,,,,,
6/13/2021,18:49,0.89,e,11,h7,0,0.2,,1,,2,,,,,,,,1,,,,,,,,,,,2,,,,,,,,,,,,,,,,,,,,,,,,,,,,,2,,,,,,,,,,,,,,,,,,,,,,,,,,,
6/13/2021,18:57,0.9,e,11,h6,0,0.2,,1,,,,,,,,,,1,,,,,,,,,,,,,,,,,,,,,,,,,,,,,,,,,,,,,,,,1,,,,,,,,,,,,,,,,,,,,,,,,,,,
6/13/2021,19:05,0.91,e,11,h5,0,0.2,,1,1,,,,,,,1,,1,,,,,,1,,,,,,,,,,,,,,,,,,,,,,,,,,,,,,1,,,,1,,,,,,,,,,,,,,,,,,,,,,,,,,,
6/15/2021,8:36,0.19,m,11,h5,0,0.1,,1,,2,,,,,1,,,,,,,,,,,,,,,,,,,,,,,,,1,,,,,,,,,,2,,,,,,,,1,,,,,,,,,,,,,,,,,1,,,,,,,,,,
6/15/2021,8:43,0.2,m,11,h6,0,0.1,,1,,,,,,,,,,,,,,,,1,,,,,1,,,,,,,,,,,,,,,,,,,,,,,,,,,,,1,,,,,,,,,,,,,,,,,,,,,,,,,,,
6/15/2021,8:51,0.21,m,11,h7,0,0.1,,1,,,,,,,,,,,,,,,,,,,,,,1,,,,,,,,,,,,,,,,,,,,2,,,,,,,,1,,,,,,,,,,,,,,,,,,,,,,,,,,,
6/15/2021,8:57,0.22,m,11,h8,6,0.1,,,,1,,,,,,,,,,,,,,,,,,,,,,,,,,,,,,,,,,,,,,,,,1,,,,,,,1,,,,,,,,,,,,,,,,,,,,,,,,,,,
6/15/2021,9:03,0.22,m,11,h4,0,0.1,,,,2,,,,,,,,1,,,,,,1,,1,,,,,,,,,,,,1,,,,,,,,,,,,2,1,,,,,,1,1,,,,,,,,,,,,,,,,,,,,,,,,,,,
6/15/2021,9:14,0.24,m,11,h3,0,0.1,,,,,,,,,1,,,1,,,,,,,,,,,1,,,,,,,,,,,,,,,,,,,,,2,1,,,,,,,1,,,1,,,1,,,,,,,,,,,1,,,,,,,,,,
6/15/2021,9:25,0.25,m,11,h2,0,0.1,,,,,,,,,,,,,,,,,,1,,1,,,,,,,,,1,,1,5,,,,,,,,,,,,,1,,,,,,,,,1,,,,,,,,,,,,,,,,,,,,,,,,,
6/15/2021,9:33,0.26,m,11,h1,0,0.1,,,,,,,,,,1,,,,,,,,1,1,1,,,1,1,,,,,,,,,2,,,,1,,,,2,,,,,,,,,,,1,,,,1,,,,,,,,,,,,,1,,,,,,,,,,
6/17/2021,14:21,0.59,a,11,h1,0,0,,1,1,1,,,,,,1,,1,,,,,,,1,,,,,1,,,,,,,1,,2,,,,,,,,1,,,,1,,,,,,,2,,,,1,,,,,,,,,,,,,1,,,,,,,,,,
6/17/2021,14:29,0.59,a,11,h2,0,0,,,,,,,,,,,,,,,,,,1,,,,,2,,,,,,,,,2,1,,,,,,,,,,,,,,,1,,,,2,,1,,,,,,,,,,,,,,,,,,,,,,,,,
6/17/2021,14:39,0.61,a,11,h3,0,0,,1,,,,,,,,,,,,,,,,,,,,,,,,,,,1,,,1,,,,,,,,,1,,,3,,,,,1,,,1,,,,,,1,,,,,,,,,,,3,,,,,,,,,,
6/17/2021,14:49,0.62,a,11,h4,6,0,,1,,2,,,,,,,,1,,,,,,,,,,,,,,,,,,,1,,1,1,,,,,,,,,,,,,,,,,,1,,,,,,,,,,,,,,,,,,,,,,,,,,,
6/17/2021,14:56,0.63,a,11,h8,0,0,,1,,2,,,,,,,,,,,,,,1,,,,,1,,,,,,,,2,,,,,,,,,,,,,,,,,,,,,2,,1,,,,,,,,,,,,,,,,,,,,,,,,,
6/17/2021,15:02,0.63,a,11,h7,0,0,,1,,,,,,,,,,,,,1,,,,,,,,1,,,,,,,,,,,,,,,,,,,,,,,,,,,,,1,,,,,,,,,,,,,,,,,,,,,,,,,,,
6/17/2021,15:13,0.64,a,11,h6,0,0,,1,,,,,,,,,,,,,,,,,,,,,,,,,,,,,,,,,,,,,,,,,,,,,,,,,,,,,,,,,,,,,,,,,,,,,,,,,,,,,
6/17/2021,15:21,0.65,a,11,h5,0,0,,1,,,,,,,,,,,,,,,,,,,,,,,,,,,,,,,,,,,,,,,,,,,,,,,,,,,,,1,,,,,,,,,,,,,,,,,,,,,,,,
6/19/2021,17:23,0.79,e,11,w6,6,0.3,,,,1,,,,,,,,,,,,,,,,,,,2,1,,,,,,,,,,,,,,,,,,,,,,,,,,,,1,,,,,,,,,,,,,,,,1,,,,,,,,,,,
6/19/2021,17:32,0.8,e,11,w5,5,0.3,,,,2,,,,,,,,1,,,1,,,1,,,,,2,,,,,,,,,,,,,,,,,,,,,,,,,,,,,1,,1,,,,,,,,,,,,,,,,,,,,,,,,,
6/19/2021,17:48,0.82,e,11,w4,5,0.3,,1,1,2,,,,,,,,,,,1,,,1,,,,,,,,,,,,,1,,,,,,,,,,,,,,,,,,,,,1,,,,,,,,,,,,,,,,,,,,,,,,,,,
6/19/2021,17:55,0.83,e,11,w1,5,0.3,,,,2,,,,,,,,,,,,,,1,,,,,,,,,,,,,,,,,,,,,,,,,,,,,,1,,,,1,,,,,,,,,,,,,,,,,,,,,,,,,,,
6/19/2021,18:05,0.84,e,11,w7,5,0.3,,,,2,,,,,,,,,,,1,,,1,,1,,,1,,,,,,,,,,,,,,,,,,,,,,,,,,,,1,2,,,,,,,,,,,,,,,,,,,,,,,,,,,
6/19/2021,18:13,0.85,e,11,w3,5,0.3,,,,1,,1,,,,,,1,,,,,,1,,1,,,2,,,,,,,,1,,,,,1,,,,,,,,,,,,,,,1,1,,,,,,,,,,,,,,,,1,,,,,,,,,,1,
6/19/2021,18:20,0.86,e,11,w2,5,0.5,,1,,2,,,,,,,,1,,,,,,,,2,,,1,,,,,,,,,2,,,,,,,,,1,,,,,,,,,,,1,,,,,,,,,,,,,,,1,,,,,,,,,,,,
6/22/2021,7:48,0.14,m,12,w6,1,0.9,,1,,3,,,,,,,,,,,,,,,,,,,,,,,,,,,,1,,,1,,,,,,,,,,,,,,,,1,,,,,,,,,,,,,,,,,2,,,,,,,,,,,
6/22/2021,7:56,0.15,m,12,w5,1,0.9,,,,1,,,,,,,,1,,,,,,1,,1,,,1,,,,,,,,,3,,,,,,,,,3,,,,,,,,,,1,1,,1,,,,,,,,,,,,,,,,,,,,,,,,,
6/22/2021,8:06,0.16,m,12,w4,0,0.9,,1,,2,,,,,,,,1,,,,,,,,,,,,,,,,,,,,,,,,,,,,,,,,1,,,,,,,,1,,1,,,,,,,,,,,,,,,,,,,,,,,,,
6/22/2021,8:13,0.17,m,12,w2,0,0.9,,1,,1,,,,,,,,,,,,,,1,,1,,,,,,,,,,,,1,,,,,,,,,,,,2,,,,1,,,,1,,,,2,,,,,,,,,,,,,,,,,,,,,,,
6/22/2021,8:19,0.17,m,12,w3,6,0.9,,,,1,,,,,,,,2,,,,,,,,,,,1,1,,,,,,,,,,,,,,,,,,,,,,,,,,,,1,,,,,,,,,,,,,,,,2,,,,,,,,,,1,
6/22/2021,8:26,0.18,m,12,w7,0,0.9,,,,2,,,,,,,,,,,1,,,,,,,,1,,,,,,,,,,,,,,,,,,1,,,,1,,,,,,1,,,,,,,,,,,,,,,,,,,,,,,1,,,,,
6/22/2021,8:33,0.19,m,12,w1,1,0.9,,,,1,,,,,,,,,,,,,,,,1,,,,,,,,,,,,,,,,,,,,,,,,,,,,,,,,1,,,,,,,,,,,,,,,,,,,,,,,,,,,
